path,age,elderly
data\non_elderly\58_0_1_20170117191843355.jpg.chip.jpg,58,0
data\non_elderly\50_0_0_20170111171747301.jpg.chip.jpg,50,0
data\non_elderly\56_0_2_20170112221925748.jpg.chip.jpg,56,0
data\non_elderly\54_0_1_20170113135022114.jpg.chip.jpg,54,0
data\non_elderly\46_1_0_20170104184041597.jpg.chip.jpg,46,0
data\aligned_clean\85_0_0_20170111210736421.jpg.chip.jpg,85,1
data\non_elderly\24_0_1_20170113151005343.jpg.chip.jpg,24,0
data\non_elderly\46_1_4_20170105170029053.jpg.chip.jpg,46,0
data\aligned_clean\85_1_0_20170110183621661.jpg.chip.jpg,85,1
data\aligned_clean\60_0_0_20170120223345579.jpg.chip.jpg,60,1
data\aligned_clean\70_0_0_20170111201407590.jpg.chip.jpg,70,1
data\non_elderly\32_0_1_20170117010054839.jpg.chip.jpg,32,0
data\aligned_clean\75_0_1_20170111210049339.jpg.chip.jpg,75,1
data\non_elderly\43_1_3_20170119204701135.jpg.chip.jpg,43,0
data\non_elderly\54_0_1_20170117183554529.jpg.chip.jpg,54,0
data\non_elderly\28_0_4_20170109002923202.jpg.chip.jpg,28,0
data\aligned_clean\72_0_0_20170111201853033.jpg.chip.jpg,72,1
data\aligned_clean\70_1_1_20170117171523132.jpg.chip.jpg,70,1
data\aligned_clean\87_0_1_20170117194805270.jpg.chip.jpg,87,1
data\non_elderly\28_0_2_20170116191850216.jpg.chip.jpg,28,0
data\non_elderly\38_1_1_20170112231350830.jpg.chip.jpg,38,0
data\non_elderly\48_0_3_20170119205336640.jpg.chip.jpg,48,0
data\aligned_clean\100_1_0_20170112213001988.jpg.chip.jpg,100,1
data\non_elderly\52_0_3_20170119205712208.jpg.chip.jpg,52,0
data\aligned_clean\73_0_3_20170105180955031.jpg.chip.jpg,73,1
data\non_elderly\58_0_0_20170117191836212.jpg.chip.jpg,58,0
data\non_elderly\58_0_0_20170104185141158.jpg.chip.jpg,58,0
data\non_elderly\39_0_1_20170113174638723.jpg.chip.jpg,39,0
data\non_elderly\55_0_0_20170117190001481.jpg.chip.jpg,55,0
data\non_elderly\39_0_2_20170116170832396.jpg.chip.jpg,39,0
data\non_elderly\46_0_1_20170113151900392.jpg.chip.jpg,46,0
data\non_elderly\39_1_4_20170104204507323.jpg.chip.jpg,39,0
data\non_elderly\35_0_0_20170117172131883.jpg.chip.jpg,35,0
data\non_elderly\26_1_0_20170103180649464.jpg.chip.jpg,26,0
data\non_elderly\40_0_0_20170117154553185.jpg.chip.jpg,40,0
data\aligned_clean\69_1_0_20170110140940217.jpg.chip.jpg,69,1
data\aligned_clean\82_0_2_20170112224024582.jpg.chip.jpg,82,1
data\aligned_clean\84_1_0_20170120230246475.jpg.chip.jpg,84,1
data\non_elderly\50_1_0_20170110151434231.jpg.chip.jpg,50,0
data\aligned_clean\68_0_0_20170117171408597.jpg.chip.jpg,68,1
data\non_elderly\46_1_2_20170109002726038.jpg.chip.jpg,46,0
data\aligned_clean\78_0_0_20170111210848588.jpg.chip.jpg,78,1
data\non_elderly\55_0_3_20170119201015604.jpg.chip.jpg,55,0
data\non_elderly\56_0_3_20170109142456550.jpg.chip.jpg,56,0
data\aligned_clean\77_0_2_20170112224733518.jpg.chip.jpg,77,1
data\aligned_clean\73_0_1_20170117194721939.jpg.chip.jpg,73,1
data\non_elderly\40_0_2_20170116180919548.jpg.chip.jpg,40,0
data\non_elderly\53_1_0_20170110123801468.jpg.chip.jpg,53,0
data\non_elderly\36_0_4_20170104000906228.jpg.chip.jpg,36,0
data\non_elderly\41_0_0_20170117131137875.jpg.chip.jpg,41,0
data\non_elderly\31_0_0_20170109004623215.jpg.chip.jpg,31,0
data\non_elderly\46_0_1_20170113142208515.jpg.chip.jpg,46,0
data\aligned_clean\63_0_0_20170102233622267.jpg.chip.jpg,63,1
data\non_elderly\27_1_1_20170113000852746.jpg.chip.jpg,27,0
data\aligned_clean\62_0_1_20170117154841208.jpg.chip.jpg,62,1
data\aligned_clean\80_1_1_20170116153903211.jpg.chip.jpg,80,1
data\aligned_clean\105_1_0_20170112213001988.jpg.chip.jpg,105,1
data\non_elderly\35_1_0_20170116201420399.jpg.chip.jpg,35,0
data\non_elderly\59_0_2_20170104022521749.jpg.chip.jpg,59,0
data\aligned_clean\92_1_0_20170110133307879.jpg.chip.jpg,92,1
data\non_elderly\44_0_0_20170105173313757.jpg.chip.jpg,44,0
data\aligned_clean\83_1_0_20170120230456826.jpg.chip.jpg,83,1
data\non_elderly\22_1_3_20170104231655336.jpg.chip.jpg,22,0
data\non_elderly\36_0_1_20170115205919771.jpg.chip.jpg,36,0
data\non_elderly\57_0_0_20170105173447996.jpg.chip.jpg,57,0
data\aligned_clean\63_1_0_20170110160643845.jpg.chip.jpg,63,1
data\non_elderly\43_0_0_20170119204527446.jpg.chip.jpg,43,0
data\non_elderly\53_0_0_20170104212413221.jpg.chip.jpg,53,0
data\non_elderly\51_1_0_20170104183749773.jpg.chip.jpg,51,0
data\non_elderly\47_0_1_20170117193737256.jpg.chip.jpg,47,0
data\non_elderly\34_0_3_20170113190318416.jpg.chip.jpg,34,0
data\aligned_clean\75_0_0_20170111210525525.jpg.chip.jpg,75,1
data\non_elderly\35_1_0_20170117185820075.jpg.chip.jpg,35,0
data\aligned_clean\85_1_0_20170110183700308.jpg.chip.jpg,85,1
data\aligned_clean\77_1_0_20170110160644117.jpg.chip.jpg,77,1
data\non_elderly\32_1_1_20170112224100250.jpg.chip.jpg,32,0
data\non_elderly\28_1_0_20170104171611673.jpg.chip.jpg,28,0
data\non_elderly\39_0_2_20170104210153244.jpg.chip.jpg,39,0
data\non_elderly\41_0_0_20170117154648336.jpg.chip.jpg,41,0
data\aligned_clean\81_0_0_20170111222450939.jpg.chip.jpg,81,1
data\aligned_clean\71_0_0_20170111210043449.jpg.chip.jpg,71,1
data\aligned_clean\78_1_0_20170110141052049.jpg.chip.jpg,78,1
data\non_elderly\27_0_0_20170116205604495.jpg.chip.jpg,27,0
data\non_elderly\50_0_3_20170113184235991.jpg.chip.jpg,50,0
data\non_elderly\50_0_0_20170117133129130.jpg.chip.jpg,50,0
data\aligned_clean\69_0_1_20170111203711198.jpg.chip.jpg,69,1
data\non_elderly\41_0_0_20170117185454480.jpg.chip.jpg,41,0
data\non_elderly\33_0_0_20170108224634529.jpg.chip.jpg,33,0
data\non_elderly\43_0_1_20170111194850581.jpg.chip.jpg,43,0
data\non_elderly\27_0_1_20170117202122150.jpg.chip.jpg,27,0
data\non_elderly\34_0_3_20170119200757565.jpg.chip.jpg,34,0
data\aligned_clean\90_0_1_20170111223916765.jpg.chip.jpg,90,1
data\aligned_clean\76_0_0_20170111201944904.jpg.chip.jpg,76,1
data\non_elderly\24_0_0_20170104230108767.jpg.chip.jpg,24,0
data\aligned_clean\75_0_0_20170111201623183.jpg.chip.jpg,75,1
data\non_elderly\49_0_4_20170104205251139.jpg.chip.jpg,49,0
data\non_elderly\22_0_0_20170117193916436.jpg.chip.jpg,22,0
data\aligned_clean\88_1_1_20170110183118502.jpg.chip.jpg,88,1
data\non_elderly\59_0_0_20170111205324096.jpg.chip.jpg,59,0
data\non_elderly\25_0_0_20170102233320979.jpg.chip.jpg,25,0
data\non_elderly\41_1_3_20170104214413309.jpg.chip.jpg,41,0
data\non_elderly\32_1_1_20170116192527624.jpg.chip.jpg,32,0
data\non_elderly\46_0_0_20170104184807318.jpg.chip.jpg,46,0
data\non_elderly\27_1_0_20170105183939496.jpg.chip.jpg,27,0
data\non_elderly\24_0_0_20170116220755400.jpg.chip.jpg,24,0
data\non_elderly\58_0_0_20170120224549744.jpg.chip.jpg,58,0
data\non_elderly\56_1_0_20170109002302955.jpg.chip.jpg,56,0
data\aligned_clean\85_1_0_20170120222635457.jpg.chip.jpg,85,1
data\aligned_clean\64_1_0_20170110160643892.jpg.chip.jpg,64,1
data\aligned_clean\95_1_0_20170120230149594.jpg.chip.jpg,95,1
data\non_elderly\43_0_3_20170119153259240.jpg.chip.jpg,43,0
data\non_elderly\31_1_4_20170112235052769.jpg.chip.jpg,31,0
data\non_elderly\25_0_0_20170117144403034.jpg.chip.jpg,25,0
data\aligned_clean\96_1_1_20170117183936388.jpg.chip.jpg,96,1
data\non_elderly\20_1_1_20170116214348718.jpg.chip.jpg,20,0
data\non_elderly\21_1_3_20170104222121713.jpg.chip.jpg,21,0
data\non_elderly\28_1_0_20170108224157680.jpg.chip.jpg,28,0
data\non_elderly\55_0_0_20170117190606570.jpg.chip.jpg,55,0
data\non_elderly\37_0_1_20170117164339785.jpg.chip.jpg,37,0
data\non_elderly\45_0_0_20170117173032588.jpg.chip.jpg,45,0
data\aligned_clean\96_1_0_20170110173805290.jpg.chip.jpg,96,1
data\non_elderly\56_0_0_20170104203949915.jpg.chip.jpg,56,0
data\non_elderly\55_0_3_20170119171728191.jpg.chip.jpg,55,0
data\non_elderly\44_0_1_20170117172018631.jpg.chip.jpg,44,0
data\aligned_clean\88_1_0_20170110182132120.jpg.chip.jpg,88,1
data\non_elderly\33_1_0_20170117174727549.jpg.chip.jpg,33,0
data\aligned_clean\62_1_0_20170110160643829.jpg.chip.jpg,62,1
data\aligned_clean\80_1_0_20170110131652409.jpg.chip.jpg,80,1
data\non_elderly\24_1_0_20170117150310308.jpg.chip.jpg,24,0
data\non_elderly\43_1_0_20170109012420929.jpg.chip.jpg,43,0
data\non_elderly\50_0_2_20170104181606318.jpg.chip.jpg,50,0
data\non_elderly\28_0_4_20170116183505479.jpg.chip.jpg,28,0
data\aligned_clean\70_1_1_20170119205140215.jpg.chip.jpg,70,1
data\aligned_clean\90_0_1_20170111210246547.jpg.chip.jpg,90,1
data\aligned_clean\62_0_0_20170111171747595.jpg.chip.jpg,62,1
data\non_elderly\51_1_3_20170105001344652.jpg.chip.jpg,51,0
data\aligned_clean\68_1_0_20170110143406927.jpg.chip.jpg,68,1
data\aligned_clean\80_0_0_20170117175258116.jpg.chip.jpg,80,1
data\aligned_clean\85_0_2_20170112224212748.jpg.chip.jpg,85,1
data\aligned_clean\69_0_0_20170117172119964.jpg.chip.jpg,69,1
data\non_elderly\59_0_0_20170117195223638.jpg.chip.jpg,59,0
data\aligned_clean\92_1_2_20170110175823500.jpg.chip.jpg,92,1
data\non_elderly\26_1_1_20170113011757664.jpg.chip.jpg,26,0
data\aligned_clean\85_1_0_20170110183134095.jpg.chip.jpg,85,1
data\non_elderly\52_0_0_20170117154814549.jpg.chip.jpg,52,0
data\non_elderly\42_1_0_20170109142131660.jpg.chip.jpg,42,0
data\non_elderly\52_1_1_20170105003356704.jpg.chip.jpg,52,0
data\non_elderly\55_0_3_20170105180635542.jpg.chip.jpg,55,0
data\non_elderly\28_1_0_20170116173054767.jpg.chip.jpg,28,0
data\aligned_clean\72_1_0_20170110182012800.jpg.chip.jpg,72,1
data\non_elderly\40_0_0_20170116010717610.jpg.chip.jpg,40,0
data\non_elderly\25_1_4_20170103224600280.jpg.chip.jpg,25,0
data\non_elderly\50_0_0_20170113184526311.jpg.chip.jpg,50,0
data\non_elderly\51_1_3_20170109132350438.jpg.chip.jpg,51,0
data\aligned_clean\61_1_0_20170110181725541.jpg.chip.jpg,61,1
data\non_elderly\23_1_1_20170103212737732.jpg.chip.jpg,23,0
data\aligned_clean\80_1_0_20170110141723527.jpg.chip.jpg,80,1
data\non_elderly\31_0_3_20170104204851228.jpg.chip.jpg,31,0
data\non_elderly\57_1_0_20170120133336768.jpg.chip.jpg,57,0
data\non_elderly\47_0_0_20170117204124336.jpg.chip.jpg,47,0
data\aligned_clean\73_0_0_20170117195327991.jpg.chip.jpg,73,1
data\aligned_clean\81_0_0_20170111222241614.jpg.chip.jpg,81,1
data\aligned_clean\82_0_0_20170111210717906.jpg.chip.jpg,82,1
data\non_elderly\25_0_3_20170119150353974.jpg.chip.jpg,25,0
data\aligned_clean\70_0_0_20170111205843899.jpg.chip.jpg,70,1
data\aligned_clean\90_0_0_20170111210545876.jpg.chip.jpg,90,1
data\non_elderly\52_1_0_20170110153711933.jpg.chip.jpg,52,0
data\non_elderly\21_1_2_20170116171146065.jpg.chip.jpg,21,0
data\aligned_clean\65_0_0_20170111195430569.jpg.chip.jpg,65,1
data\non_elderly\41_1_0_20170109012224846.jpg.chip.jpg,41,0
data\aligned_clean\70_1_1_20170110153248874.jpg.chip.jpg,70,1
data\aligned_clean\75_1_0_20170110140824258.jpg.chip.jpg,75,1
data\aligned_clean\60_1_0_20170110140725969.jpg.chip.jpg,60,1
data\non_elderly\51_0_0_20170117190822714.jpg.chip.jpg,51,0
data\non_elderly\51_0_0_20170109011802151.jpg.chip.jpg,51,0
data\non_elderly\31_0_2_20170116191334762.jpg.chip.jpg,31,0
data\non_elderly\48_0_1_20170117172159893.jpg.chip.jpg,48,0
data\non_elderly\41_0_0_20170117154653654.jpg.chip.jpg,41,0
data\non_elderly\39_1_0_20170104205624580.jpg.chip.jpg,39,0
data\aligned_clean\60_1_0_20170110152225746.jpg.chip.jpg,60,1
data\non_elderly\43_1_3_20170119193027273.jpg.chip.jpg,43,0
data\non_elderly\22_1_2_20170116165605354.jpg.chip.jpg,22,0
data\aligned_clean\96_1_0_20170110172637082.jpg.chip.jpg,96,1
data\non_elderly\20_0_4_20170103234731301.jpg.chip.jpg,20,0
data\non_elderly\52_1_0_20170104210704511.jpg.chip.jpg,52,0
data\non_elderly\43_0_0_20170104204616830.jpg.chip.jpg,43,0
data\non_elderly\34_0_1_20170113173036640.jpg.chip.jpg,34,0
data\non_elderly\39_1_2_20170103183301786.jpg.chip.jpg,39,0
data\aligned_clean\75_1_0_20170110181743217.jpg.chip.jpg,75,1
data\non_elderly\25_1_1_20170112233635032.jpg.chip.jpg,25,0
data\non_elderly\43_0_1_20170116210444779.jpg.chip.jpg,43,0
data\aligned_clean\60_1_0_20170110141612400.jpg.chip.jpg,60,1
data\non_elderly\52_0_3_20170109140934624.jpg.chip.jpg,52,0
data\non_elderly\38_0_0_20170116192041983.jpg.chip.jpg,38,0
data\non_elderly\36_1_1_20170112213416311.jpg.chip.jpg,36,0
data\non_elderly\58_1_3_20170104220324390.jpg.chip.jpg,58,0
data\aligned_clean\90_0_2_20170111210435708.jpg.chip.jpg,90,1
data\non_elderly\31_0_0_20170117012336960.jpg.chip.jpg,31,0
data\non_elderly\49_1_0_20170104184230952.jpg.chip.jpg,49,0
data\non_elderly\47_0_0_20170104210309196.jpg.chip.jpg,47,0
data\non_elderly\35_0_3_20170117182832156.jpg.chip.jpg,35,0
data\aligned_clean\85_1_1_20170110184037971.jpg.chip.jpg,85,1
data\aligned_clean\69_1_0_20170110141304032.jpg.chip.jpg,69,1
data\non_elderly\27_1_2_20170116170654971.jpg.chip.jpg,27,0
data\aligned_clean\116_1_2_20170112220255503.jpg.chip.jpg,116,1
data\non_elderly\53_1_1_20170116180111461.jpg.chip.jpg,53,0
data\aligned_clean\62_0_0_20170111204505433.jpg.chip.jpg,62,1
data\non_elderly\30_1_1_20170112234441897.jpg.chip.jpg,30,0
data\non_elderly\24_0_2_20170116165334206.jpg.chip.jpg,24,0
data\aligned_clean\72_0_2_20170111200724572.jpg.chip.jpg,72,1
data\non_elderly\56_0_1_20170113173811475.jpg.chip.jpg,56,0
data\aligned_clean\99_1_0_20170110182052119.jpg.chip.jpg,99,1
data\aligned_clean\71_0_0_20170111195259809.jpg.chip.jpg,71,1
data\non_elderly\45_0_0_20170116235729518.jpg.chip.jpg,45,0
data\aligned_clean\66_0_1_20170111171747645.jpg.chip.jpg,66,1
data\non_elderly\48_1_0_20170117173924359.jpg.chip.jpg,48,0
data\non_elderly\59_1_0_20170110180108013.jpg.chip.jpg,59,0
data\non_elderly\23_0_3_20170119163843478.jpg.chip.jpg,23,0
data\non_elderly\38_1_2_20170109140654630.jpg.chip.jpg,38,0
data\non_elderly\32_1_2_20170116191622164.jpg.chip.jpg,32,0
data\aligned_clean\90_1_0_20170110182008441.jpg.chip.jpg,90,1
data\aligned_clean\80_0_0_20170111211508161.jpg.chip.jpg,80,1
data\non_elderly\58_0_0_20170111205913082.jpg.chip.jpg,58,0
data\non_elderly\27_1_3_20170104231620409.jpg.chip.jpg,27,0
data\non_elderly\45_1_0_20170103183902347.jpg.chip.jpg,45,0
data\aligned_clean\89_1_2_20170110182930160.jpg.chip.jpg,89,1
data\non_elderly\51_0_4_20170104210348196.jpg.chip.jpg,51,0
data\aligned_clean\76_1_3_20170109150736001.jpg.chip.jpg,76,1
data\non_elderly\31_0_1_20170113151857048.jpg.chip.jpg,31,0
data\aligned_clean\72_1_0_20170110184104942.jpg.chip.jpg,72,1
data\non_elderly\25_1_0_20170117135211463.jpg.chip.jpg,25,0
data\non_elderly\20_1_1_20170116215855605.jpg.chip.jpg,20,0
data\non_elderly\49_1_0_20170104192623743.jpg.chip.jpg,49,0
data\aligned_clean\116_1_0_20170112213001988.jpg.chip.jpg,116,1
data\non_elderly\51_0_0_20170117160754830.jpg.chip.jpg,51,0
data\non_elderly\35_0_1_20170113185408776.jpg.chip.jpg,35,0
data\aligned_clean\84_0_1_20170117192953555.jpg.chip.jpg,84,1
data\aligned_clean\85_1_0_20170110184040927.jpg.chip.jpg,85,1
data\aligned_clean\80_0_2_20170112224358076.jpg.chip.jpg,80,1
data\non_elderly\22_1_2_20170116161424702.jpg.chip.jpg,22,0
data\non_elderly\50_0_2_20170116191755793.jpg.chip.jpg,50,0
data\aligned_clean\76_1_0_20170110181611591.jpg.chip.jpg,76,1
data\aligned_clean\80_0_0_20170117172944233.jpg.chip.jpg,80,1
data\non_elderly\35_0_2_20170116161858517.jpg.chip.jpg,35,0
data\non_elderly\30_0_3_20170119162644734.jpg.chip.jpg,30,0
data\non_elderly\30_0_1_20170113133238257.jpg.chip.jpg,30,0
data\aligned_clean\84_1_0_20170120223843966.jpg.chip.jpg,84,1
data\non_elderly\23_0_3_20170119163856511.jpg.chip.jpg,23,0
data\aligned_clean\80_1_0_20170110183817822.jpg.chip.jpg,80,1
data\non_elderly\45_0_0_20170117204039713.jpg.chip.jpg,45,0
data\aligned_clean\65_0_0_20170111201953344.jpg.chip.jpg,65,1
data\aligned_clean\80_0_1_20170111205416943.jpg.chip.jpg,80,1
data\aligned_clean\72_1_0_20170110132145439.jpg.chip.jpg,72,1
data\non_elderly\56_1_0_20170110122646077.jpg.chip.jpg,56,0
data\aligned_clean\85_0_1_20170111211354288.jpg.chip.jpg,85,1
data\aligned_clean\69_0_1_20170113184901806.jpg.chip.jpg,69,1
data\aligned_clean\100_1_0_20170112213303693.jpg.chip.jpg,100,1
data\non_elderly\30_1_2_20170117091935370.jpg.chip.jpg,30,0
data\non_elderly\48_1_0_20170117174150685.jpg.chip.jpg,48,0
data\aligned_clean\82_0_0_20170111210449740.jpg.chip.jpg,82,1
data\aligned_clean\80_1_0_20170111210442298.jpg.chip.jpg,80,1
data\aligned_clean\86_0_0_20170111222700442.jpg.chip.jpg,86,1
data\non_elderly\44_0_3_20170119201022260.jpg.chip.jpg,44,0
data\non_elderly\37_0_3_20170119202215718.jpg.chip.jpg,37,0
data\non_elderly\37_1_2_20170105172732733.jpg.chip.jpg,37,0
data\non_elderly\23_0_3_20170119150001740.jpg.chip.jpg,23,0
data\non_elderly\24_1_1_20170113001636241.jpg.chip.jpg,24,0
data\non_elderly\38_1_2_20170116190015995.jpg.chip.jpg,38,0
data\non_elderly\26_0_3_20170119183552806.jpg.chip.jpg,26,0
data\aligned_clean\68_1_0_20170110183835271.jpg.chip.jpg,68,1
data\non_elderly\57_1_0_20170104201429289.jpg.chip.jpg,57,0
data\aligned_clean\75_0_0_20170111204722982.jpg.chip.jpg,75,1
data\aligned_clean\63_0_4_20170117175627092.jpg.chip.jpg,63,1
data\aligned_clean\67_0_0_20170111171747651.jpg.chip.jpg,67,1
data\non_elderly\23_0_1_20170114034629665.jpg.chip.jpg,23,0
data\aligned_clean\90_0_0_20170111210501751.jpg.chip.jpg,90,1
data\non_elderly\54_0_0_20170117190252594.jpg.chip.jpg,54,0
data\non_elderly\48_0_0_20170105172432012.jpg.chip.jpg,48,0
data\non_elderly\42_0_0_20170113184251398.jpg.chip.jpg,42,0
data\aligned_clean\71_1_0_20170110141059193.jpg.chip.jpg,71,1
data\aligned_clean\65_0_1_20170117191903245.jpg.chip.jpg,65,1
data\non_elderly\58_0_0_20170109012156576.jpg.chip.jpg,58,0
data\non_elderly\31_0_4_20170117153920514.jpg.chip.jpg,31,0
data\non_elderly\53_1_0_20170110153042034.jpg.chip.jpg,53,0
data\aligned_clean\85_1_0_20170120225733929.jpg.chip.jpg,85,1
data\non_elderly\39_1_1_20170112234541208.jpg.chip.jpg,39,0
data\non_elderly\43_0_3_20170119180612748.jpg.chip.jpg,43,0
data\aligned_clean\68_1_0_20170110141150729.jpg.chip.jpg,68,1
data\non_elderly\25_0_0_20170117133936015.jpg.chip.jpg,25,0
data\aligned_clean\85_0_0_20170111205915994.jpg.chip.jpg,85,1
data\non_elderly\24_1_1_20170112204854107.jpg.chip.jpg,24,0
data\non_elderly\52_1_0_20170110151342799.jpg.chip.jpg,52,0
data\non_elderly\50_0_1_20170113142324284.jpg.chip.jpg,50,0
data\aligned_clean\80_1_0_20170110182353061.jpg.chip.jpg,80,1
data\aligned_clean\60_1_0_20170110154613614.jpg.chip.jpg,60,1
data\aligned_clean\60_0_3_20170119205739654.jpg.chip.jpg,60,1
data\non_elderly\49_1_0_20170109220421978.jpg.chip.jpg,49,0
data\aligned_clean\83_1_0_20170120230224530.jpg.chip.jpg,83,1
data\aligned_clean\66_1_0_20170110140952713.jpg.chip.jpg,66,1
data\non_elderly\44_1_0_20170117190014098.jpg.chip.jpg,44,0
data\aligned_clean\100_1_2_20170112222336458.jpg.chip.jpg,100,1
data\aligned_clean\66_0_3_20170117195129091.jpg.chip.jpg,66,1
data\non_elderly\33_0_0_20170117155210391.jpg.chip.jpg,33,0
data\non_elderly\52_1_0_20170109220918442.jpg.chip.jpg,52,0
data\non_elderly\28_1_2_20170104021520301.jpg.chip.jpg,28,0
data\aligned_clean\60_0_1_20170117175043836.jpg.chip.jpg,60,1
data\aligned_clean\78_0_0_20170111223832508.jpg.chip.jpg,78,1
data\non_elderly\29_0_0_20170117122016549.jpg.chip.jpg,29,0
data\non_elderly\33_0_0_20170104192751495.jpg.chip.jpg,33,0
data\non_elderly\30_1_0_20170116223846422.jpg.chip.jpg,30,0
data\non_elderly\24_1_2_20170116173727786.jpg.chip.jpg,24,0
data\non_elderly\42_1_0_20170110124244590.jpg.chip.jpg,42,0
data\aligned_clean\65_0_0_20170111202227430.jpg.chip.jpg,65,1
data\aligned_clean\63_0_0_20170111171747613.jpg.chip.jpg,63,1
data\aligned_clean\64_0_0_20170111204901624.jpg.chip.jpg,64,1
data\aligned_clean\60_1_0_20170110131859302.jpg.chip.jpg,60,1
data\aligned_clean\65_1_0_20170110160643954.jpg.chip.jpg,65,1
data\non_elderly\32_1_0_20170109141918401.jpg.chip.jpg,32,0
data\non_elderly\42_0_0_20170104204810195.jpg.chip.jpg,42,0
data\non_elderly\35_1_1_20170117194931418.jpg.chip.jpg,35,0
data\non_elderly\55_0_3_20170119180841322.jpg.chip.jpg,55,0
data\non_elderly\43_1_0_20170105173019341.jpg.chip.jpg,43,0
data\aligned_clean\75_0_1_20170111221655006.jpg.chip.jpg,75,1
data\non_elderly\54_0_0_20170113184055047.jpg.chip.jpg,54,0
data\aligned_clean\85_1_0_20170110183749939.jpg.chip.jpg,85,1
data\non_elderly\45_0_0_20170117180132412.jpg.chip.jpg,45,0
data\non_elderly\52_0_0_20170104211725300.jpg.chip.jpg,52,0
data\aligned_clean\71_1_0_20170110131635408.jpg.chip.jpg,71,1
data\non_elderly\54_0_0_20170113210318996.jpg.chip.jpg,54,0
data\aligned_clean\60_1_0_20170110131846245.jpg.chip.jpg,60,1
data\aligned_clean\72_1_0_20170110161254894.jpg.chip.jpg,72,1
data\aligned_clean\60_1_0_20170110141809495.jpg.chip.jpg,60,1
data\non_elderly\44_0_3_20170119200511259.jpg.chip.jpg,44,0
data\aligned_clean\69_1_0_20170110132156065.jpg.chip.jpg,69,1
data\non_elderly\27_0_4_20170104194349352.jpg.chip.jpg,27,0
data\non_elderly\26_1_3_20170117154935165.jpg.chip.jpg,26,0
data\non_elderly\53_1_0_20170104184217989.jpg.chip.jpg,53,0
data\non_elderly\21_1_3_20170119154352346.jpg.chip.jpg,21,0
data\non_elderly\53_0_3_20170119205832000.jpg.chip.jpg,53,0
data\non_elderly\40_0_3_20170119204129150.jpg.chip.jpg,40,0
data\aligned_clean\81_1_0_20170110140600243.jpg.chip.jpg,81,1
data\non_elderly\55_0_0_20170109011808484.jpg.chip.jpg,55,0
data\non_elderly\29_0_0_20170104230319649.jpg.chip.jpg,29,0
data\aligned_clean\77_1_0_20170110183741484.jpg.chip.jpg,77,1
data\non_elderly\23_1_0_20170117194248629.jpg.chip.jpg,23,0
data\non_elderly\55_0_0_20170120221404877.jpg.chip.jpg,55,0
data\non_elderly\53_0_2_20170116192925824.jpg.chip.jpg,53,0
data\aligned_clean\100_0_0_20170112215240346.jpg.chip.jpg,100,1
data\non_elderly\42_1_0_20170103182957410.jpg.chip.jpg,42,0
data\aligned_clean\62_0_0_20170111200849717.jpg.chip.jpg,62,1
data\aligned_clean\72_1_0_20170110183657201.jpg.chip.jpg,72,1
data\aligned_clean\78_0_0_20170111210454101.jpg.chip.jpg,78,1
data\aligned_clean\85_0_0_20170111205830721.jpg.chip.jpg,85,1
data\non_elderly\42_0_0_20170117154747738.jpg.chip.jpg,42,0
data\non_elderly\43_0_2_20170109005254030.jpg.chip.jpg,43,0
data\non_elderly\53_1_0_20170104202409738.jpg.chip.jpg,53,0
data\aligned_clean\72_1_0_20170110160644063.jpg.chip.jpg,72,1
data\non_elderly\32_1_1_20170112213321285.jpg.chip.jpg,32,0
data\non_elderly\39_0_3_20170119203757237.jpg.chip.jpg,39,0
data\aligned_clean\96_1_0_20170110182433943.jpg.chip.jpg,96,1
data\aligned_clean\75_0_1_20170111201947825.jpg.chip.jpg,75,1
data\aligned_clean\80_1_0_20170117175612764.jpg.chip.jpg,80,1
data\non_elderly\56_1_0_20170104212444956.jpg.chip.jpg,56,0
data\non_elderly\52_0_0_20170104165813945.jpg.chip.jpg,52,0
data\aligned_clean\90_0_3_20170111210252274.jpg.chip.jpg,90,1
data\non_elderly\46_0_0_20170104203049435.jpg.chip.jpg,46,0
data\non_elderly\23_1_2_20170116172848833.jpg.chip.jpg,23,0
data\aligned_clean\69_0_1_20170117194929098.jpg.chip.jpg,69,1
data\non_elderly\33_1_1_20170112210929221.jpg.chip.jpg,33,0
data\aligned_clean\65_1_0_20170110125535454.jpg.chip.jpg,65,1
data\non_elderly\48_1_2_20170109002813437.jpg.chip.jpg,48,0
data\non_elderly\52_0_3_20170113184200775.jpg.chip.jpg,52,0
data\aligned_clean\90_1_0_20170120225317689.jpg.chip.jpg,90,1
data\aligned_clean\85_1_0_20170110183711497.jpg.chip.jpg,85,1
data\aligned_clean\60_0_1_20170117160042904.jpg.chip.jpg,60,1
data\non_elderly\58_0_1_20170113185227312.jpg.chip.jpg,58,0
data\non_elderly\53_1_0_20170117191014323.jpg.chip.jpg,53,0
data\aligned_clean\66_1_0_20170110140814578.jpg.chip.jpg,66,1
data\aligned_clean\75_1_0_20170110181942190.jpg.chip.jpg,75,1
data\aligned_clean\66_1_0_20170110123144558.jpg.chip.jpg,66,1
data\non_elderly\32_0_0_20170104203059659.jpg.chip.jpg,32,0
data\aligned_clean\85_1_0_20170110183802977.jpg.chip.jpg,85,1
data\non_elderly\24_1_3_20161220221743058.jpg.chip.jpg,24,0
data\non_elderly\43_0_3_20170119180619699.jpg.chip.jpg,43,0
data\non_elderly\59_1_0_20170113184300134.jpg.chip.jpg,59,0
data\non_elderly\48_0_0_20170117144639785.jpg.chip.jpg,48,0
data\non_elderly\22_1_0_20170112233750014.jpg.chip.jpg,22,0
data\non_elderly\26_0_1_20170116193350792.jpg.chip.jpg,26,0
data\non_elderly\51_0_1_20170117141120750.jpg.chip.jpg,51,0
data\aligned_clean\67_1_0_20170110152923990.jpg.chip.jpg,67,1
data\non_elderly\38_0_1_20170113151753966.jpg.chip.jpg,38,0
data\non_elderly\25_1_1_20170112205034330.jpg.chip.jpg,25,0
data\non_elderly\30_0_0_20170117151826355.jpg.chip.jpg,30,0
data\aligned_clean\89_1_0_20170120134913783.jpg.chip.jpg,89,1
data\aligned_clean\65_1_0_20170110123252108.jpg.chip.jpg,65,1
data\non_elderly\22_1_0_20170112233734192.jpg.chip.jpg,22,0
data\non_elderly\47_1_0_20170119205252879.jpg.chip.jpg,47,0
data\aligned_clean\64_1_0_20170110131951168.jpg.chip.jpg,64,1
data\aligned_clean\60_1_0_20170110143517260.jpg.chip.jpg,60,1
data\non_elderly\52_1_1_20170113000549723.jpg.chip.jpg,52,0
data\non_elderly\52_1_1_20170113012640929.jpg.chip.jpg,52,0
data\aligned_clean\75_0_0_20170111210552235.jpg.chip.jpg,75,1
data\non_elderly\38_0_2_20170104205949499.jpg.chip.jpg,38,0
data\non_elderly\27_1_1_20170112193026590.jpg.chip.jpg,27,0
data\non_elderly\23_1_4_20170117194143181.jpg.chip.jpg,23,0
data\non_elderly\49_1_0_20170103181519681.jpg.chip.jpg,49,0
data\aligned_clean\74_0_0_20170111223730444.jpg.chip.jpg,74,1
data\aligned_clean\82_1_1_20170112224554283.jpg.chip.jpg,82,1
data\non_elderly\41_1_1_20170117194317075.jpg.chip.jpg,41,0
data\non_elderly\51_0_0_20170104211553436.jpg.chip.jpg,51,0
data\non_elderly\52_0_0_20170117190847091.jpg.chip.jpg,52,0
data\aligned_clean\85_1_1_20170110182031363.jpg.chip.jpg,85,1
data\non_elderly\27_1_2_20170116171630835.jpg.chip.jpg,27,0
data\non_elderly\49_0_3_20170109141453135.jpg.chip.jpg,49,0
data\non_elderly\57_0_0_20170105173211517.jpg.chip.jpg,57,0
data\non_elderly\25_1_0_20170116003458183.jpg.chip.jpg,25,0
data\non_elderly\55_0_0_20170117191622249.jpg.chip.jpg,55,0
data\non_elderly\35_0_1_20170116002407914.jpg.chip.jpg,35,0
data\non_elderly\28_1_2_20170116171528109.jpg.chip.jpg,28,0
data\aligned_clean\80_1_0_20170110180237499.jpg.chip.jpg,80,1
data\non_elderly\25_1_0_20170116002150531.jpg.chip.jpg,25,0
data\non_elderly\33_1_0_20170103182622241.jpg.chip.jpg,33,0
data\aligned_clean\63_1_0_20170110160643860.jpg.chip.jpg,63,1
data\aligned_clean\90_0_0_20170111210220723.jpg.chip.jpg,90,1
data\non_elderly\26_1_3_20170119192124129.jpg.chip.jpg,26,0
data\non_elderly\22_1_2_20170116172137259.jpg.chip.jpg,22,0
data\non_elderly\35_1_4_20170117194818924.jpg.chip.jpg,35,0
data\aligned_clean\72_0_1_20170111210712990.jpg.chip.jpg,72,1
data\non_elderly\54_1_0_20170104185045990.jpg.chip.jpg,54,0
data\non_elderly\42_1_1_20170113000652498.jpg.chip.jpg,42,0
data\non_elderly\58_1_0_20170109150657263.jpg.chip.jpg,58,0
data\non_elderly\24_1_2_20170112204741443.jpg.chip.jpg,24,0
data\aligned_clean\82_0_0_20170111210217828.jpg.chip.jpg,82,1
data\aligned_clean\100_1_0_20170119212053665.jpg.chip.jpg,100,1
data\non_elderly\54_0_0_20170120223520757.jpg.chip.jpg,54,0
data\aligned_clean\62_1_0_20170110141021529.jpg.chip.jpg,62,1
data\non_elderly\45_0_1_20170117140339396.jpg.chip.jpg,45,0
data\non_elderly\59_0_0_20170109143000485.jpg.chip.jpg,59,0
data\non_elderly\45_1_0_20170110141225753.jpg.chip.jpg,45,0
data\aligned_clean\72_0_0_20170111210555874.jpg.chip.jpg,72,1
data\non_elderly\20_1_4_20170103223123528.jpg.chip.jpg,20,0
data\aligned_clean\80_1_0_20170110181333958.jpg.chip.jpg,80,1
data\aligned_clean\85_1_1_20170110183033556.jpg.chip.jpg,85,1
data\non_elderly\55_0_0_20170105161419947.jpg.chip.jpg,55,0
data\aligned_clean\75_1_0_20170110183826875.jpg.chip.jpg,75,1
data\aligned_clean\82_0_0_20170111223748572.jpg.chip.jpg,82,1
data\non_elderly\27_0_3_20170117151048707.jpg.chip.jpg,27,0
data\aligned_clean\62_0_0_20170111210035323.jpg.chip.jpg,62,1
data\non_elderly\43_0_0_20170104183504030.jpg.chip.jpg,43,0
data\aligned_clean\79_1_0_20170110151406182.jpg.chip.jpg,79,1
data\non_elderly\40_1_4_20170117200930685.jpg.chip.jpg,40,0
data\non_elderly\38_0_1_20170116001041187.jpg.chip.jpg,38,0
data\aligned_clean\63_1_0_20170110141744495.jpg.chip.jpg,63,1
data\non_elderly\34_0_0_20170103182629265.jpg.chip.jpg,34,0
data\non_elderly\20_0_0_20170116205352042.jpg.chip.jpg,20,0
data\non_elderly\47_0_0_20170120222507721.jpg.chip.jpg,47,0
data\aligned_clean\67_0_0_20170120224558687.jpg.chip.jpg,67,1
data\non_elderly\48_1_0_20170110152853674.jpg.chip.jpg,48,0
data\non_elderly\21_1_3_20170119154115689.jpg.chip.jpg,21,0
data\non_elderly\39_1_2_20170103183338179.jpg.chip.jpg,39,0
data\non_elderly\36_0_3_20170119181330668.jpg.chip.jpg,36,0
data\aligned_clean\72_1_0_20170110153738448.jpg.chip.jpg,72,1
data\non_elderly\46_1_0_20170110143242639.jpg.chip.jpg,46,0
data\aligned_clean\75_0_0_20170111203916648.jpg.chip.jpg,75,1
data\non_elderly\24_1_0_20170111182452767.jpg.chip.jpg,24,0
data\non_elderly\50_0_3_20170119211600321.jpg.chip.jpg,50,0
data\aligned_clean\71_0_1_20170111222525552.jpg.chip.jpg,71,1
data\non_elderly\38_1_0_20170104202430130.jpg.chip.jpg,38,0
data\non_elderly\51_0_0_20170111181750489.jpg.chip.jpg,51,0
data\aligned_clean\92_0_2_20170105174832245.jpg.chip.jpg,92,1
data\aligned_clean\82_0_0_20170111205943203.jpg.chip.jpg,82,1
data\non_elderly\49_0_3_20170119201605981.jpg.chip.jpg,49,0
data\aligned_clean\80_1_3_20170109151103678.jpg.chip.jpg,80,1
data\aligned_clean\110_0_2_20170112223734562.jpg.chip.jpg,110,1
data\non_elderly\22_0_3_20170104230122361.jpg.chip.jpg,22,0
data\non_elderly\24_1_2_20170117194430613.jpg.chip.jpg,24,0
data\non_elderly\42_1_0_20170117204000071.jpg.chip.jpg,42,0
data\non_elderly\50_0_0_20170120221659635.jpg.chip.jpg,50,0
data\aligned_clean\96_1_0_20170110161321170.jpg.chip.jpg,96,1
data\aligned_clean\92_1_0_20170110182830022.jpg.chip.jpg,92,1
data\non_elderly\51_1_0_20170117190830626.jpg.chip.jpg,51,0
data\non_elderly\23_1_2_20170116173100087.jpg.chip.jpg,23,0
data\non_elderly\58_0_3_20170119211545409.jpg.chip.jpg,58,0
data\aligned_clean\72_1_0_20170110141531648.jpg.chip.jpg,72,1
data\non_elderly\41_1_0_20170103163256248.jpg.chip.jpg,41,0
data\aligned_clean\71_1_0_20170110141720224.jpg.chip.jpg,71,1
data\non_elderly\53_0_2_20170112221930338.jpg.chip.jpg,53,0
data\non_elderly\39_0_4_20170104183739429.jpg.chip.jpg,39,0
data\aligned_clean\72_1_0_20170110153733573.jpg.chip.jpg,72,1
data\aligned_clean\65_0_0_20170111205148232.jpg.chip.jpg,65,1
data\aligned_clean\85_0_0_20170111210408610.jpg.chip.jpg,85,1
data\aligned_clean\76_0_0_20170111221823004.jpg.chip.jpg,76,1
data\aligned_clean\82_0_0_20170111223913094.jpg.chip.jpg,82,1
data\non_elderly\28_1_0_20170116214232243.jpg.chip.jpg,28,0
data\non_elderly\47_1_4_20170104181336102.jpg.chip.jpg,47,0
data\non_elderly\53_0_0_20170109012723533.jpg.chip.jpg,53,0
data\non_elderly\36_1_0_20170109134525414.jpg.chip.jpg,36,0
data\aligned_clean\80_1_2_20170119211723865.jpg.chip.jpg,80,1
data\aligned_clean\66_1_0_20170110141430168.jpg.chip.jpg,66,1
data\aligned_clean\75_0_1_20170111221706652.jpg.chip.jpg,75,1
data\non_elderly\32_0_2_20170116163341710.jpg.chip.jpg,32,0
data\aligned_clean\63_0_0_20170117195024577.jpg.chip.jpg,63,1
data\non_elderly\34_0_3_20170119171311776.jpg.chip.jpg,34,0
data\aligned_clean\68_0_0_20170117172618723.jpg.chip.jpg,68,1
data\aligned_clean\85_1_0_20170110184107806.jpg.chip.jpg,85,1
data\non_elderly\29_1_0_20170120133642078.jpg.chip.jpg,29,0
data\aligned_clean\80_1_4_20170110184132973.jpg.chip.jpg,80,1
data\non_elderly\38_0_2_20170116192319328.jpg.chip.jpg,38,0
data\non_elderly\32_1_0_20170116222131069.jpg.chip.jpg,32,0
data\aligned_clean\93_1_2_20170110173119858.jpg.chip.jpg,93,1
data\aligned_clean\85_0_2_20170111211021687.jpg.chip.jpg,85,1
data\non_elderly\45_0_3_20170119201227781.jpg.chip.jpg,45,0
data\non_elderly\21_1_0_20170117142529474.jpg.chip.jpg,21,0
data\non_elderly\27_1_2_20170116171540755.jpg.chip.jpg,27,0
data\aligned_clean\89_0_0_20170111205835604.jpg.chip.jpg,89,1
data\non_elderly\37_1_1_20170105172932885.jpg.chip.jpg,37,0
data\non_elderly\54_0_3_20170119210123256.jpg.chip.jpg,54,0
data\aligned_clean\75_0_0_20170111205932368.jpg.chip.jpg,75,1
data\aligned_clean\89_0_1_20170117194109597.jpg.chip.jpg,89,1
data\non_elderly\46_0_1_20170113141909603.jpg.chip.jpg,46,0
data\non_elderly\55_0_0_20170111201201679.jpg.chip.jpg,55,0
data\aligned_clean\65_0_1_20170120224015174.jpg.chip.jpg,65,1
data\non_elderly\31_1_1_20170112213126246.jpg.chip.jpg,31,0
data\aligned_clean\68_0_0_20170111200435940.jpg.chip.jpg,68,1
data\non_elderly\44_0_0_20170113210319338.jpg.chip.jpg,44,0
data\non_elderly\50_0_3_20170119202107229.jpg.chip.jpg,50,0
data\aligned_clean\81_0_0_20170111201206317.jpg.chip.jpg,81,1
data\non_elderly\51_0_3_20170119205612416.jpg.chip.jpg,51,0
data\aligned_clean\67_0_1_20170113175755885.jpg.chip.jpg,67,1
data\non_elderly\52_0_0_20170111201135454.jpg.chip.jpg,52,0
data\aligned_clean\75_1_0_20170110181540242.jpg.chip.jpg,75,1
data\aligned_clean\79_0_0_20170111200506756.jpg.chip.jpg,79,1
data\non_elderly\31_1_4_20170103182224513.jpg.chip.jpg,31,0
data\aligned_clean\72_0_0_20170111221724508.jpg.chip.jpg,72,1
data\non_elderly\45_0_4_20170117130551448.jpg.chip.jpg,45,0
data\non_elderly\39_1_0_20170117154214155.jpg.chip.jpg,39,0
data\non_elderly\51_0_4_20170104211801364.jpg.chip.jpg,51,0
data\aligned_clean\85_1_0_20170110181946121.jpg.chip.jpg,85,1
data\non_elderly\40_1_1_20170114032302199.jpg.chip.jpg,40,0
data\non_elderly\58_0_0_20170117191944060.jpg.chip.jpg,58,0
data\non_elderly\31_0_0_20170116191337484.jpg.chip.jpg,31,0
data\non_elderly\46_1_0_20170110160643118.jpg.chip.jpg,46,0
data\non_elderly\45_0_3_20170119202044372.jpg.chip.jpg,45,0
data\aligned_clean\75_1_1_20170110182126367.jpg.chip.jpg,75,1
data\aligned_clean\65_1_0_20170110133937781.jpg.chip.jpg,65,1
data\aligned_clean\72_1_0_20170110175340308.jpg.chip.jpg,72,1
data\non_elderly\49_0_0_20170109001612820.jpg.chip.jpg,49,0
data\aligned_clean\63_0_0_20170117195107740.jpg.chip.jpg,63,1
data\aligned_clean\73_0_0_20170111205646002.jpg.chip.jpg,73,1
data\non_elderly\20_0_1_20170113132537718.jpg.chip.jpg,20,0
data\non_elderly\31_0_1_20170113142511604.jpg.chip.jpg,31,0
data\non_elderly\23_0_4_20170117194033772.jpg.chip.jpg,23,0
data\aligned_clean\60_1_0_20170110140645753.jpg.chip.jpg,60,1
data\non_elderly\47_0_3_20170119205242687.jpg.chip.jpg,47,0
data\non_elderly\39_1_0_20170117185231233.jpg.chip.jpg,39,0
data\non_elderly\50_1_0_20170109012358091.jpg.chip.jpg,50,0
data\non_elderly\29_0_1_20170116203358423.jpg.chip.jpg,29,0
data\non_elderly\28_0_4_20170117180230348.jpg.chip.jpg,28,0
data\non_elderly\40_0_4_20170113183427182.jpg.chip.jpg,40,0
data\non_elderly\27_1_3_20170104232647592.jpg.chip.jpg,27,0
data\non_elderly\33_0_3_20170119200506620.jpg.chip.jpg,33,0
data\non_elderly\59_1_0_20170110141359968.jpg.chip.jpg,59,0
data\aligned_clean\63_1_1_20170110120101291.jpg.chip.jpg,63,1
data\non_elderly\36_1_1_20170117135855155.jpg.chip.jpg,36,0
data\non_elderly\33_0_1_20170113135311186.jpg.chip.jpg,33,0
data\non_elderly\43_0_0_20170117175212882.jpg.chip.jpg,43,0
data\non_elderly\39_0_1_20170113135606217.jpg.chip.jpg,39,0
data\aligned_clean\75_1_2_20170110182818569.jpg.chip.jpg,75,1
data\non_elderly\32_1_3_20170119200439598.jpg.chip.jpg,32,0
data\non_elderly\20_1_2_20170109213154546.jpg.chip.jpg,20,0
data\aligned_clean\66_1_0_20170110132135290.jpg.chip.jpg,66,1
data\non_elderly\26_0_0_20170117144522395.jpg.chip.jpg,26,0
data\non_elderly\55_0_0_20170120221314028.jpg.chip.jpg,55,0
data\non_elderly\33_0_2_20170119163942412.jpg.chip.jpg,33,0
data\aligned_clean\80_1_0_20170110155128293.jpg.chip.jpg,80,1
data\aligned_clean\75_1_0_20170110184033219.jpg.chip.jpg,75,1
data\non_elderly\56_1_0_20170120134758144.jpg.chip.jpg,56,0
data\non_elderly\27_1_1_20170112234549479.jpg.chip.jpg,27,0
data\aligned_clean\90_0_0_20170111210151491.jpg.chip.jpg,90,1
data\aligned_clean\86_1_0_20170110153717173.jpg.chip.jpg,86,1
data\non_elderly\39_0_0_20170117154216307.jpg.chip.jpg,39,0
data\non_elderly\49_0_0_20170119202355566.jpg.chip.jpg,49,0
data\non_elderly\42_0_2_20170116192551178.jpg.chip.jpg,42,0
data\non_elderly\50_1_3_20170109141335415.jpg.chip.jpg,50,0
data\non_elderly\59_0_0_20170104211855508.jpg.chip.jpg,59,0
data\aligned_clean\88_1_0_20170110183140329.jpg.chip.jpg,88,1
data\non_elderly\29_1_2_20170116174619470.jpg.chip.jpg,29,0
data\aligned_clean\60_1_0_20170110154617064.jpg.chip.jpg,60,1
data\aligned_clean\65_0_3_20170117191735066.jpg.chip.jpg,65,1
data\aligned_clean\86_1_0_20170110173815028.jpg.chip.jpg,86,1
data\non_elderly\47_0_1_20170117172015693.jpg.chip.jpg,47,0
data\non_elderly\56_0_2_20170112224648906.jpg.chip.jpg,56,0
data\aligned_clean\65_1_0_20170110141251497.jpg.chip.jpg,65,1
data\aligned_clean\68_0_0_20170111205927835.jpg.chip.jpg,68,1
data\aligned_clean\60_0_0_20170109013439834.jpg.chip.jpg,60,1
data\aligned_clean\85_1_0_20170110175705728.jpg.chip.jpg,85,1
data\non_elderly\49_1_0_20170104183921310.jpg.chip.jpg,49,0
data\aligned_clean\80_0_2_20170112224311842.jpg.chip.jpg,80,1
data\non_elderly\42_0_3_20170113142222564.jpg.chip.jpg,42,0
data\aligned_clean\72_1_0_20170110140754434.jpg.chip.jpg,72,1
data\non_elderly\25_1_0_20170117195321747.jpg.chip.jpg,25,0
data\non_elderly\58_0_3_20170119195320690.jpg.chip.jpg,58,0
data\non_elderly\58_0_0_20170117160230063.jpg.chip.jpg,58,0
data\non_elderly\54_0_0_20170117171109228.jpg.chip.jpg,54,0
data\aligned_clean\65_0_1_20170117182422917.jpg.chip.jpg,65,1
data\non_elderly\52_0_0_20170113183752750.jpg.chip.jpg,52,0
data\aligned_clean\75_0_1_20170111200107131.jpg.chip.jpg,75,1
data\non_elderly\40_0_0_20170104204559660.jpg.chip.jpg,40,0
data\non_elderly\47_0_0_20170108225958118.jpg.chip.jpg,47,0
data\non_elderly\45_0_0_20170120134450959.jpg.chip.jpg,45,0
data\non_elderly\36_1_0_20170104201720018.jpg.chip.jpg,36,0
data\non_elderly\44_0_0_20170120220042234.jpg.chip.jpg,44,0
data\aligned_clean\66_1_0_20170110132405672.jpg.chip.jpg,66,1
data\aligned_clean\67_0_0_20170104023306558.jpg.chip.jpg,67,1
data\non_elderly\26_0_1_20170116182126537.jpg.chip.jpg,26,0
data\non_elderly\22_1_2_20170104022012028.jpg.chip.jpg,22,0
data\non_elderly\30_0_1_20170113133612273.jpg.chip.jpg,30,0
data\non_elderly\58_1_1_20170117194028702.jpg.chip.jpg,58,0
data\non_elderly\31_1_1_20170117135046063.jpg.chip.jpg,31,0
data\non_elderly\57_0_1_20170117141704960.jpg.chip.jpg,57,0
data\aligned_clean\75_0_1_20170111210608046.jpg.chip.jpg,75,1
data\aligned_clean\93_1_0_20170110141221528.jpg.chip.jpg,93,1
data\non_elderly\20_0_3_20170104225831145.jpg.chip.jpg,20,0
data\aligned_clean\62_1_0_20170110175644800.jpg.chip.jpg,62,1
data\aligned_clean\92_1_0_20170110183357210.jpg.chip.jpg,92,1
data\aligned_clean\80_0_1_20170111205551658.jpg.chip.jpg,80,1
data\non_elderly\22_1_4_20170103225112465.jpg.chip.jpg,22,0
data\non_elderly\20_1_2_20170116170359820.jpg.chip.jpg,20,0
data\aligned_clean\80_0_0_20170117175546325.jpg.chip.jpg,80,1
data\aligned_clean\65_1_1_20170117163545690.jpg.chip.jpg,65,1
data\non_elderly\32_1_1_20170112215044104.jpg.chip.jpg,32,0
data\non_elderly\33_0_0_20170105165208905.jpg.chip.jpg,33,0
data\non_elderly\59_0_0_20170109012750162.jpg.chip.jpg,59,0
data\aligned_clean\60_1_0_20170110140829202.jpg.chip.jpg,60,1
data\non_elderly\44_1_1_20170113011544238.jpg.chip.jpg,44,0
data\aligned_clean\62_0_0_20170111204910736.jpg.chip.jpg,62,1
data\non_elderly\29_1_1_20170103181030152.jpg.chip.jpg,29,0
data\aligned_clean\84_1_0_20170120223155060.jpg.chip.jpg,84,1
data\non_elderly\44_1_0_20170104171556786.jpg.chip.jpg,44,0
data\non_elderly\30_0_1_20170117181249594.jpg.chip.jpg,30,0
data\aligned_clean\67_1_1_20170113185517320.jpg.chip.jpg,67,1
data\non_elderly\52_0_0_20170116192911629.jpg.chip.jpg,52,0
data\non_elderly\46_0_3_20170119204808215.jpg.chip.jpg,46,0
data\non_elderly\32_1_0_20170103182605514.jpg.chip.jpg,32,0
data\non_elderly\20_1_0_20170109212842300.jpg.chip.jpg,20,0
data\non_elderly\29_0_3_20170119164635285.jpg.chip.jpg,29,0
data\aligned_clean\62_0_1_20170113175129604.jpg.chip.jpg,62,1
data\aligned_clean\88_1_2_20170110182404089.jpg.chip.jpg,88,1
data\non_elderly\40_0_0_20170117134415492.jpg.chip.jpg,40,0
data\non_elderly\38_1_1_20170117184822384.jpg.chip.jpg,38,0
data\non_elderly\49_0_0_20170104205331460.jpg.chip.jpg,49,0
data\aligned_clean\85_1_0_20170110184045236.jpg.chip.jpg,85,1
data\non_elderly\38_1_2_20170116192323993.jpg.chip.jpg,38,0
data\non_elderly\20_1_3_20170119153311735.jpg.chip.jpg,20,0
data\aligned_clean\67_0_1_20170117185950062.jpg.chip.jpg,67,1
data\non_elderly\33_1_0_20170103182231977.jpg.chip.jpg,33,0
data\non_elderly\30_1_0_20170109141417666.jpg.chip.jpg,30,0
data\non_elderly\37_0_0_20170109010719371.jpg.chip.jpg,37,0
data\non_elderly\44_1_1_20170116164354400.jpg.chip.jpg,44,0
data\non_elderly\52_0_0_20170120222924114.jpg.chip.jpg,52,0
data\non_elderly\57_1_0_20170109220740803.jpg.chip.jpg,57,0
data\non_elderly\52_0_3_20170119205639336.jpg.chip.jpg,52,0
data\non_elderly\57_0_0_20170120222949154.jpg.chip.jpg,57,0
data\aligned_clean\72_1_0_20170110183814706.jpg.chip.jpg,72,1
data\aligned_clean\78_0_0_20170111210105923.jpg.chip.jpg,78,1
data\non_elderly\23_0_0_20170117134919191.jpg.chip.jpg,23,0
data\non_elderly\54_1_0_20170104235238436.jpg.chip.jpg,54,0
data\aligned_clean\73_1_0_20170110140448378.jpg.chip.jpg,73,1
data\aligned_clean\105_0_0_20170112213001988.jpg.chip.jpg,105,1
data\non_elderly\36_1_3_20170119202138661.jpg.chip.jpg,36,0
data\non_elderly\30_0_2_20170104021209963.jpg.chip.jpg,30,0
data\aligned_clean\63_0_3_20170117195002527.jpg.chip.jpg,63,1
data\non_elderly\26_0_1_20170113151641880.jpg.chip.jpg,26,0
data\non_elderly\48_0_0_20170120134446448.jpg.chip.jpg,48,0
data\non_elderly\47_0_0_20170117160016192.jpg.chip.jpg,47,0
data\non_elderly\54_0_0_20170104213140733.jpg.chip.jpg,54,0
data\non_elderly\31_1_1_20170117133156180.jpg.chip.jpg,31,0
data\aligned_clean\62_1_0_20170110183746742.jpg.chip.jpg,62,1
data\non_elderly\28_1_3_20170104232440417.jpg.chip.jpg,28,0
data\aligned_clean\80_0_0_20170111205531200.jpg.chip.jpg,80,1
data\non_elderly\33_1_0_20170117174803471.jpg.chip.jpg,33,0
data\non_elderly\53_0_0_20170111205031079.jpg.chip.jpg,53,0
data\aligned_clean\65_0_2_20170111205651706.jpg.chip.jpg,65,1
data\non_elderly\34_0_0_20170104204404531.jpg.chip.jpg,34,0
data\non_elderly\30_1_2_20170116184611730.jpg.chip.jpg,30,0
data\non_elderly\30_1_0_20170117140021432.jpg.chip.jpg,30,0
data\non_elderly\23_1_0_20170103180414191.jpg.chip.jpg,23,0
data\non_elderly\26_1_0_20170116220807186.jpg.chip.jpg,26,0
data\non_elderly\34_0_4_20170105165000683.jpg.chip.jpg,34,0
data\non_elderly\37_0_0_20170117135948781.jpg.chip.jpg,37,0
data\non_elderly\26_1_3_20170119192255577.jpg.chip.jpg,26,0
data\non_elderly\38_1_4_20170117203712774.jpg.chip.jpg,38,0
data\aligned_clean\89_0_1_20170117194330360.jpg.chip.jpg,89,1
data\non_elderly\50_1_0_20170109220459927.jpg.chip.jpg,50,0
data\non_elderly\52_0_4_20170111201929576.jpg.chip.jpg,52,0
data\aligned_clean\65_0_0_20170111210651348.jpg.chip.jpg,65,1
data\aligned_clean\79_1_0_20170120225812145.jpg.chip.jpg,79,1
data\non_elderly\30_1_4_20170117194826836.jpg.chip.jpg,30,0
data\non_elderly\22_1_3_20170119163328077.jpg.chip.jpg,22,0
data\aligned_clean\60_1_0_20170110160643720.jpg.chip.jpg,60,1
data\non_elderly\33_1_3_20170104235523490.jpg.chip.jpg,33,0
data\non_elderly\35_0_0_20170119200935316.jpg.chip.jpg,35,0
data\aligned_clean\83_1_0_20170110160644142.jpg.chip.jpg,83,1
data\aligned_clean\89_1_0_20170110182452888.jpg.chip.jpg,89,1
data\non_elderly\59_1_1_20170113000626569.jpg.chip.jpg,59,0
data\non_elderly\32_1_2_20170116180734484.jpg.chip.jpg,32,0
data\aligned_clean\80_0_0_20170117174413373.jpg.chip.jpg,80,1
data\non_elderly\24_1_2_20170116163052645.jpg.chip.jpg,24,0
data\non_elderly\36_0_2_20170104200528385.jpg.chip.jpg,36,0
data\non_elderly\45_0_4_20170117201123717.jpg.chip.jpg,45,0
data\aligned_clean\60_1_0_20170113210605392.jpg.chip.jpg,60,1
data\non_elderly\53_0_0_20170117163655617.jpg.chip.jpg,53,0
data\non_elderly\20_0_1_20170113132355967.jpg.chip.jpg,20,0
data\non_elderly\49_1_0_20170111182452933.jpg.chip.jpg,49,0
data\aligned_clean\71_0_0_20170111222535839.jpg.chip.jpg,71,1
data\non_elderly\51_1_1_20170115235508848.jpg.chip.jpg,51,0
data\non_elderly\57_1_0_20170110120843929.jpg.chip.jpg,57,0
data\aligned_clean\85_0_1_20170111210314652.jpg.chip.jpg,85,1
data\non_elderly\53_1_1_20170113001807851.jpg.chip.jpg,53,0
data\aligned_clean\65_0_1_20170117165348576.jpg.chip.jpg,65,1
data\non_elderly\21_0_4_20170103223143358.jpg.chip.jpg,21,0
data\aligned_clean\68_1_0_20170110160644032.jpg.chip.jpg,68,1
data\non_elderly\59_0_2_20170109012736672.jpg.chip.jpg,59,0
data\non_elderly\46_1_1_20170116001928205.jpg.chip.jpg,46,0
data\non_elderly\34_1_0_20170103230321513.jpg.chip.jpg,34,0
data\non_elderly\40_0_0_20170116182430598.jpg.chip.jpg,40,0
data\aligned_clean\62_1_0_20170110180546671.jpg.chip.jpg,62,1
data\non_elderly\54_1_0_20170117191523029.jpg.chip.jpg,54,0
data\non_elderly\36_1_1_20170113012249151.jpg.chip.jpg,36,0
data\non_elderly\42_0_0_20170117185753668.jpg.chip.jpg,42,0
data\non_elderly\21_1_0_20170104234439209.jpg.chip.jpg,21,0
data\aligned_clean\81_0_1_20170117193731174.jpg.chip.jpg,81,1
data\aligned_clean\73_0_0_20170105001507628.jpg.chip.jpg,73,1
data\non_elderly\27_0_1_20170117010749619.jpg.chip.jpg,27,0
data\non_elderly\55_0_0_20170117135302098.jpg.chip.jpg,55,0
data\aligned_clean\84_1_0_20170110160644158.jpg.chip.jpg,84,1
data\non_elderly\47_0_1_20170117171504577.jpg.chip.jpg,47,0
data\non_elderly\49_1_0_20170103181021153.jpg.chip.jpg,49,0
data\aligned_clean\84_1_2_20170120225608458.jpg.chip.jpg,84,1
data\aligned_clean\66_1_0_20170110132126931.jpg.chip.jpg,66,1
data\non_elderly\41_0_0_20170116202014245.jpg.chip.jpg,41,0
data\non_elderly\42_0_0_20170117135635200.jpg.chip.jpg,42,0
data\non_elderly\20_0_1_20170113180909253.jpg.chip.jpg,20,0
data\non_elderly\46_0_0_20170109012425702.jpg.chip.jpg,46,0
data\aligned_clean\85_0_0_20170111205432369.jpg.chip.jpg,85,1
data\non_elderly\25_1_0_20170117195324293.jpg.chip.jpg,25,0
data\aligned_clean\75_0_0_20170111210208339.jpg.chip.jpg,75,1
data\non_elderly\58_0_0_20170117193904073.jpg.chip.jpg,58,0
data\non_elderly\38_0_1_20170103183118882.jpg.chip.jpg,38,0
data\non_elderly\52_0_0_20170111195726274.jpg.chip.jpg,52,0
data\non_elderly\28_1_1_20170112235036823.jpg.chip.jpg,28,0
data\aligned_clean\78_0_1_20170117193425610.jpg.chip.jpg,78,1
data\aligned_clean\60_0_0_20170111171747549.jpg.chip.jpg,60,1
data\non_elderly\37_1_1_20170103183005866.jpg.chip.jpg,37,0
data\non_elderly\35_1_1_20170116173118874.jpg.chip.jpg,35,0
data\non_elderly\43_1_0_20170117155107368.jpg.chip.jpg,43,0
data\non_elderly\33_0_1_20170113152629721.jpg.chip.jpg,33,0
data\non_elderly\45_1_1_20170117141755026.jpg.chip.jpg,45,0
data\non_elderly\36_0_0_20170117181825165.jpg.chip.jpg,36,0
data\aligned_clean\88_1_0_20170110183542726.jpg.chip.jpg,88,1
data\non_elderly\59_1_3_20170109142030313.jpg.chip.jpg,59,0
data\aligned_clean\60_0_3_20170119203925892.jpg.chip.jpg,60,1
data\non_elderly\24_1_3_20170104231950346.jpg.chip.jpg,24,0
data\non_elderly\36_0_0_20170116002809469.jpg.chip.jpg,36,0
data\aligned_clean\79_0_0_20170111222511980.jpg.chip.jpg,79,1
data\non_elderly\58_0_0_20170120224606727.jpg.chip.jpg,58,0
data\aligned_clean\86_1_2_20170112224133563.jpg.chip.jpg,86,1
data\non_elderly\37_1_0_20170104172432171.jpg.chip.jpg,37,0
data\non_elderly\49_1_0_20170104185051510.jpg.chip.jpg,49,0
data\aligned_clean\85_1_0_20170110182918046.jpg.chip.jpg,85,1
data\non_elderly\46_0_1_20170117185815162.jpg.chip.jpg,46,0
data\non_elderly\58_0_0_20170111195348887.jpg.chip.jpg,58,0
data\aligned_clean\65_0_0_20170111171747629.jpg.chip.jpg,65,1
data\non_elderly\44_1_3_20170119172158321.jpg.chip.jpg,44,0
data\aligned_clean\77_0_0_20170111222228671.jpg.chip.jpg,77,1
data\non_elderly\26_1_2_20170116184052988.jpg.chip.jpg,26,0
data\non_elderly\51_0_1_20170113142040362.jpg.chip.jpg,51,0
data\non_elderly\21_1_3_20170104221836903.jpg.chip.jpg,21,0
data\aligned_clean\63_1_0_20170110141842534.jpg.chip.jpg,63,1
data\aligned_clean\85_0_0_20170111210559755.jpg.chip.jpg,85,1
data\aligned_clean\78_0_0_20170111204704023.jpg.chip.jpg,78,1
data\aligned_clean\90_0_0_20170117175511939.jpg.chip.jpg,90,1
data\aligned_clean\78_0_0_20170111171747679.jpg.chip.jpg,78,1
data\non_elderly\27_1_1_20170117120629605.jpg.chip.jpg,27,0
data\non_elderly\29_1_1_20170112235043081.jpg.chip.jpg,29,0
data\non_elderly\28_0_0_20170113132725104.jpg.chip.jpg,28,0
data\non_elderly\55_0_0_20170116232725357jpg.chip.jpg,55,0
data\non_elderly\43_1_3_20170109132235319.jpg.chip.jpg,43,0
data\aligned_clean\85_1_0_20170110141034090.jpg.chip.jpg,85,1
data\non_elderly\28_1_2_20170116161415319.jpg.chip.jpg,28,0
data\non_elderly\53_0_0_20170117163654249.jpg.chip.jpg,53,0
data\non_elderly\54_0_0_20170111171747438.jpg.chip.jpg,54,0
data\non_elderly\20_1_1_20170113005427278.jpg.chip.jpg,20,0
data\aligned_clean\72_0_2_20170112224343210.jpg.chip.jpg,72,1
data\non_elderly\47_0_0_20170103183442514.jpg.chip.jpg,47,0
data\non_elderly\57_1_0_20170110154547015.jpg.chip.jpg,57,0
data\non_elderly\58_0_0_20170117193913647.jpg.chip.jpg,58,0
data\non_elderly\25_0_0_20170117175209600.jpg.chip.jpg,25,0
data\non_elderly\29_0_0_20170117094526002.jpg.chip.jpg,29,0
data\non_elderly\34_1_1_20170116224143264.jpg.chip.jpg,34,0
data\non_elderly\53_0_0_20170113184941808.jpg.chip.jpg,53,0
data\non_elderly\47_0_0_20170117135932141.jpg.chip.jpg,47,0
data\non_elderly\21_0_4_20161223214759249.jpg.chip.jpg,21,0
data\aligned_clean\65_0_0_20170111210002336.jpg.chip.jpg,65,1
data\aligned_clean\76_1_2_20170110182935621.jpg.chip.jpg,76,1
data\non_elderly\23_0_1_20170116010954423.jpg.chip.jpg,23,0
data\non_elderly\49_0_0_20170105172956637.jpg.chip.jpg,49,0
data\non_elderly\23_1_3_20170117144834977.jpg.chip.jpg,23,0
data\aligned_clean\75_0_0_20170111205133334.jpg.chip.jpg,75,1
data\non_elderly\36_0_1_20170119183437846.jpg.chip.jpg,36,0
data\aligned_clean\80_0_1_20170111181750520.jpg.chip.jpg,80,1
data\non_elderly\40_0_0_20170116221116416.jpg.chip.jpg,40,0
data\aligned_clean\62_1_2_20170105174732894.jpg.chip.jpg,62,1
data\aligned_clean\76_1_0_20170110160644096.jpg.chip.jpg,76,1
data\aligned_clean\85_1_0_20170110181630306.jpg.chip.jpg,85,1
data\non_elderly\41_1_1_20170117140906983.jpg.chip.jpg,41,0
data\aligned_clean\72_0_0_20170111210133115.jpg.chip.jpg,72,1
data\non_elderly\39_1_2_20170116164304221.jpg.chip.jpg,39,0
data\non_elderly\30_1_0_20170117181422492.jpg.chip.jpg,30,0
data\non_elderly\24_0_0_20170117150001859.jpg.chip.jpg,24,0
data\non_elderly\47_0_0_20170105173116787.jpg.chip.jpg,47,0
data\non_elderly\24_1_2_20170116174521873.jpg.chip.jpg,24,0
data\non_elderly\41_1_0_20170111182452877.jpg.chip.jpg,41,0
data\non_elderly\37_0_3_20170119194717603.jpg.chip.jpg,37,0
data\non_elderly\43_0_0_20170119163815846.jpg.chip.jpg,43,0
data\non_elderly\53_0_1_20170120223004304.jpg.chip.jpg,53,0
data\non_elderly\46_0_1_20170113135634688.jpg.chip.jpg,46,0
data\non_elderly\30_0_1_20170113141819444.jpg.chip.jpg,30,0
data\non_elderly\33_1_0_20170117182543343.jpg.chip.jpg,33,0
data\non_elderly\43_0_1_20170117191927113.jpg.chip.jpg,43,0
data\aligned_clean\60_1_0_20170110124140071.jpg.chip.jpg,60,1
data\non_elderly\21_1_1_20170112193015117.jpg.chip.jpg,21,0
data\non_elderly\32_0_3_20170119200338100.jpg.chip.jpg,32,0
data\non_elderly\27_1_1_20170112203947771.jpg.chip.jpg,27,0
data\non_elderly\48_1_0_20170110125249128.jpg.chip.jpg,48,0
data\non_elderly\28_1_3_20170119195058724.jpg.chip.jpg,28,0
data\non_elderly\31_0_0_20170116195723154.jpg.chip.jpg,31,0
data\non_elderly\37_0_2_20170116192041226.jpg.chip.jpg,37,0
data\aligned_clean\60_1_0_20170110123131564.jpg.chip.jpg,60,1
data\non_elderly\42_1_0_20170117154907268.jpg.chip.jpg,42,0
data\aligned_clean\73_0_0_20170111221751463.jpg.chip.jpg,73,1
data\non_elderly\40_0_0_20170117182122332.jpg.chip.jpg,40,0
data\non_elderly\36_0_3_20170119201805435.jpg.chip.jpg,36,0
data\non_elderly\44_0_2_20170116193010589.jpg.chip.jpg,44,0
data\non_elderly\38_1_1_20170113010502255.jpg.chip.jpg,38,0
data\non_elderly\53_0_3_20170119164018532.jpg.chip.jpg,53,0
data\non_elderly\51_1_3_20170104232315523.jpg.chip.jpg,51,0
data\non_elderly\59_0_0_20170104185901246.jpg.chip.jpg,59,0
data\non_elderly\57_0_0_20170105184101967.jpg.chip.jpg,57,0
data\non_elderly\59_1_0_20170110132107674.jpg.chip.jpg,59,0
data\aligned_clean\67_0_0_20170117192237235.jpg.chip.jpg,67,1
data\non_elderly\27_1_2_20170116172207087.jpg.chip.jpg,27,0
data\non_elderly\22_0_2_20170116220743409.jpg.chip.jpg,22,0
data\non_elderly\44_0_0_20170105172858549.jpg.chip.jpg,44,0
data\aligned_clean\90_0_2_20170111210212331.jpg.chip.jpg,90,1
data\non_elderly\34_0_1_20170117182640204.jpg.chip.jpg,34,0
data\aligned_clean\85_1_0_20170110182055926.jpg.chip.jpg,85,1
data\aligned_clean\65_1_0_20170110152931044.jpg.chip.jpg,65,1
data\aligned_clean\90_0_0_20170111211415063.jpg.chip.jpg,90,1
data\non_elderly\55_0_4_20170117203246215.jpg.chip.jpg,55,0
data\aligned_clean\69_1_0_20170110141818223.jpg.chip.jpg,69,1
data\aligned_clean\80_0_1_20170111205621738.jpg.chip.jpg,80,1
data\non_elderly\29_1_4_20170103163340489.jpg.chip.jpg,29,0
data\aligned_clean\60_1_0_20170110153435061.jpg.chip.jpg,60,1
data\non_elderly\26_1_4_20170117152642036.jpg.chip.jpg,26,0
data\non_elderly\42_0_3_20170119171532128.jpg.chip.jpg,42,0
data\non_elderly\38_0_0_20170104204524306.jpg.chip.jpg,38,0
data\aligned_clean\85_1_0_20170110183129402.jpg.chip.jpg,85,1
data\aligned_clean\61_0_0_20170111171747571.jpg.chip.jpg,61,1
data\non_elderly\51_0_1_20170113174654644.jpg.chip.jpg,51,0
data\non_elderly\29_0_0_20170117180951076.jpg.chip.jpg,29,0
data\aligned_clean\60_1_1_20170120223635158.jpg.chip.jpg,60,1
data\aligned_clean\90_1_0_20170110182536477.jpg.chip.jpg,90,1
data\non_elderly\25_1_0_20170117141726361.jpg.chip.jpg,25,0
data\aligned_clean\66_1_0_20170110160643985.jpg.chip.jpg,66,1
data\aligned_clean\85_0_0_20170111210457043.jpg.chip.jpg,85,1
data\non_elderly\46_0_1_20170116011011516.jpg.chip.jpg,46,0
data\non_elderly\53_0_1_20170116192938845.jpg.chip.jpg,53,0
data\aligned_clean\66_0_0_20170111210358051.jpg.chip.jpg,66,1
data\non_elderly\44_0_3_20170119160244545.jpg.chip.jpg,44,0
data\non_elderly\33_0_2_20170117182613892.jpg.chip.jpg,33,0
data\aligned_clean\63_0_1_20170117194942794.jpg.chip.jpg,63,1
data\non_elderly\46_0_3_20170112205640068.jpg.chip.jpg,46,0
data\non_elderly\28_1_1_20170112230737559.jpg.chip.jpg,28,0
data\aligned_clean\72_0_0_20170111210622013.jpg.chip.jpg,72,1
data\non_elderly\57_0_3_20170119211457489.jpg.chip.jpg,57,0
data\non_elderly\50_0_3_20170117154534254.jpg.chip.jpg,50,0
data\non_elderly\58_1_0_20170104185710750.jpg.chip.jpg,58,0
data\non_elderly\43_1_2_20170116192615655.jpg.chip.jpg,43,0
data\non_elderly\24_1_4_20170103223129750.jpg.chip.jpg,24,0
data\aligned_clean\70_1_3_20170119150943854.jpg.chip.jpg,70,1
data\non_elderly\45_0_0_20170120220710500.jpg.chip.jpg,45,0
data\non_elderly\48_0_1_20170117173143196.jpg.chip.jpg,48,0
data\non_elderly\30_1_0_20170117151428835.jpg.chip.jpg,30,0
data\non_elderly\23_1_4_20170103223600551.jpg.chip.jpg,23,0
data\aligned_clean\61_0_1_20170117194623461.jpg.chip.jpg,61,1
data\non_elderly\27_1_1_20170116000504802.jpg.chip.jpg,27,0
data\non_elderly\31_0_4_20170103235207122.jpg.chip.jpg,31,0
data\non_elderly\59_0_0_20170104210317787.jpg.chip.jpg,59,0
data\non_elderly\26_1_4_20170117201501054.jpg.chip.jpg,26,0
data\aligned_clean\76_1_0_20170110180413588.jpg.chip.jpg,76,1
data\aligned_clean\67_1_0_20170110143255682.jpg.chip.jpg,67,1
data\non_elderly\24_1_3_20170104223331567.jpg.chip.jpg,24,0
data\non_elderly\56_0_1_20170117173620884.jpg.chip.jpg,56,0
data\non_elderly\32_0_1_20170117135739565.jpg.chip.jpg,32,0
data\non_elderly\23_1_0_20170116221719806.jpg.chip.jpg,23,0
data\aligned_clean\75_0_0_20170117173011522.jpg.chip.jpg,75,1
data\non_elderly\36_0_0_20170119194752299.jpg.chip.jpg,36,0
data\aligned_clean\78_1_0_20170120230525666.jpg.chip.jpg,78,1
data\aligned_clean\71_1_0_20170110143306064.jpg.chip.jpg,71,1
data\non_elderly\29_1_0_20170103181510040.jpg.chip.jpg,29,0
data\non_elderly\56_1_3_20170109132208103.jpg.chip.jpg,56,0
data\aligned_clean\85_1_0_20170110183721942.jpg.chip.jpg,85,1
data\non_elderly\28_0_3_20170119194727459.jpg.chip.jpg,28,0
data\aligned_clean\66_0_0_20170111203309589.jpg.chip.jpg,66,1
data\non_elderly\56_0_0_20170104210554380.jpg.chip.jpg,56,0
data\non_elderly\32_1_0_20170104235611258.jpg.chip.jpg,32,0
data\non_elderly\37_0_2_20170116192031601.jpg.chip.jpg,37,0
data\aligned_clean\65_1_0_20170110140444495.jpg.chip.jpg,65,1
data\non_elderly\29_0_1_20170116002244586.jpg.chip.jpg,29,0
data\non_elderly\56_1_0_20170110180113129.jpg.chip.jpg,56,0
data\non_elderly\39_1_0_20170109012839681.jpg.chip.jpg,39,0
data\aligned_clean\64_1_0_20170110140833569.jpg.chip.jpg,64,1
data\non_elderly\23_0_0_20170116221018206.jpg.chip.jpg,23,0
data\non_elderly\30_0_1_20170113190501769.jpg.chip.jpg,30,0
data\non_elderly\37_1_1_20170115235037275.jpg.chip.jpg,37,0
data\aligned_clean\78_0_0_20170120225240993.jpg.chip.jpg,78,1
data\aligned_clean\72_1_0_20170110120829664.jpg.chip.jpg,72,1
data\non_elderly\25_1_1_20170117154035392.jpg.chip.jpg,25,0
data\non_elderly\34_1_0_20170116222753074.jpg.chip.jpg,34,0
data\aligned_clean\60_1_0_20170110141826799.jpg.chip.jpg,60,1
data\non_elderly\53_0_0_20170111171747402.jpg.chip.jpg,53,0
data\aligned_clean\85_0_0_20170111210414353.jpg.chip.jpg,85,1
data\aligned_clean\65_0_0_20170111210851993.jpg.chip.jpg,65,1
data\aligned_clean\77_1_0_20170110140346806.jpg.chip.jpg,77,1
data\non_elderly\41_0_1_20170116214623616.jpg.chip.jpg,41,0
data\aligned_clean\72_1_0_20170110183431246.jpg.chip.jpg,72,1
data\non_elderly\29_0_4_20170117180903787.jpg.chip.jpg,29,0
data\aligned_clean\96_1_0_20170110182515404.jpg.chip.jpg,96,1
data\non_elderly\41_1_1_20170117021604893.jpg.chip.jpg,41,0
data\non_elderly\39_1_3_20170104223518221.jpg.chip.jpg,39,0
data\aligned_clean\85_0_2_20170111221734101.jpg.chip.jpg,85,1
data\aligned_clean\60_1_0_20170110141023577.jpg.chip.jpg,60,1
data\aligned_clean\116_1_3_20170120134744096.jpg.chip.jpg,116,1
data\aligned_clean\82_1_1_20170110154342872.jpg.chip.jpg,82,1
data\non_elderly\25_0_0_20170117151532082.jpg.chip.jpg,25,0
data\non_elderly\48_0_1_20170113184623503.jpg.chip.jpg,48,0
data\aligned_clean\79_0_0_20170111205953011.jpg.chip.jpg,79,1
data\aligned_clean\70_1_0_20170110122949483.jpg.chip.jpg,70,1
data\aligned_clean\77_1_0_20170110131558278.jpg.chip.jpg,77,1
data\aligned_clean\85_1_3_20170110183438488.jpg.chip.jpg,85,1
data\aligned_clean\78_1_0_20170120230432160.jpg.chip.jpg,78,1
data\aligned_clean\90_0_1_20170117194324750.jpg.chip.jpg,90,1
data\non_elderly\51_0_0_20170117172522285.jpg.chip.jpg,51,0
data\non_elderly\23_1_0_20170116221828462.jpg.chip.jpg,23,0
data\aligned_clean\73_0_1_20170117194956074.jpg.chip.jpg,73,1
data\non_elderly\30_0_2_20170116173409625.jpg.chip.jpg,30,0
data\aligned_clean\90_0_0_20170111210753614.jpg.chip.jpg,90,1
data\non_elderly\31_0_1_20170117135654395.jpg.chip.jpg,31,0
data\aligned_clean\61_1_0_20170110122324992.jpg.chip.jpg,61,1
data\non_elderly\44_0_0_20170104201051081.jpg.chip.jpg,44,0
data\aligned_clean\85_0_0_20170120224751080.jpg.chip.jpg,85,1
data\aligned_clean\60_0_0_20170111201620287.jpg.chip.jpg,60,1
data\aligned_clean\63_0_0_20170117195020915.jpg.chip.jpg,63,1
data\non_elderly\46_1_1_20170112211410525.jpg.chip.jpg,46,0
data\non_elderly\43_1_1_20170105172848997.jpg.chip.jpg,43,0
data\non_elderly\53_1_0_20170110160643266.jpg.chip.jpg,53,0
data\aligned_clean\75_1_1_20170112211657821.jpg.chip.jpg,75,1
data\aligned_clean\67_0_3_20170119212008184.jpg.chip.jpg,67,1
data\aligned_clean\61_1_2_20170117123801917.jpg.chip.jpg,61,1
data\non_elderly\39_0_2_20170107211043190.jpg.chip.jpg,39,0
data\aligned_clean\75_0_0_20170111204808623.jpg.chip.jpg,75,1
data\non_elderly\44_0_3_20170119200334516.jpg.chip.jpg,44,0
data\non_elderly\36_0_3_20170117135513053.jpg.chip.jpg,36,0
data\non_elderly\40_0_2_20170116173649775.jpg.chip.jpg,40,0
data\non_elderly\46_1_1_20170116233714695.jpg.chip.jpg,46,0
data\non_elderly\22_1_2_20170116172705545.jpg.chip.jpg,22,0
data\aligned_clean\92_1_0_20170110183055235.jpg.chip.jpg,92,1
data\non_elderly\50_0_1_20170113184224648.jpg.chip.jpg,50,0
data\aligned_clean\69_1_0_20170110141155497.jpg.chip.jpg,69,1
data\non_elderly\57_1_0_20170120221057091.jpg.chip.jpg,57,0
data\aligned_clean\62_0_0_20170111205142071.jpg.chip.jpg,62,1
data\aligned_clean\73_1_0_20170110183953439.jpg.chip.jpg,73,1
data\non_elderly\55_0_0_20170117204213768.jpg.chip.jpg,55,0
data\aligned_clean\91_0_1_20170117194736477.jpg.chip.jpg,91,1
data\non_elderly\49_1_0_20170117160609295.jpg.chip.jpg,49,0
data\non_elderly\21_0_1_20170114032016183.jpg.chip.jpg,21,0
data\aligned_clean\73_1_0_20170110154151795.jpg.chip.jpg,73,1
data\aligned_clean\85_1_0_20170110183513907.jpg.chip.jpg,85,1
data\aligned_clean\84_1_0_20170110181735987.jpg.chip.jpg,84,1
data\non_elderly\52_1_0_20170110122705423.jpg.chip.jpg,52,0
data\non_elderly\51_0_4_20170104210502395.jpg.chip.jpg,51,0
data\non_elderly\57_0_0_20170103183943554.jpg.chip.jpg,57,0
data\non_elderly\22_1_4_20170117143710577.jpg.chip.jpg,22,0
data\non_elderly\55_0_1_20170104185028367.jpg.chip.jpg,55,0
data\non_elderly\53_0_0_20170104211506941.jpg.chip.jpg,53,0
data\non_elderly\44_1_3_20170104235304584.jpg.chip.jpg,44,0
data\non_elderly\27_0_3_20170104214555317.jpg.chip.jpg,27,0
data\aligned_clean\60_0_0_20170111203914420.jpg.chip.jpg,60,1
data\aligned_clean\65_1_1_20170117184041200.jpg.chip.jpg,65,1
data\non_elderly\42_0_0_20170117185752122.jpg.chip.jpg,42,0
data\aligned_clean\85_1_3_20170110183506044.jpg.chip.jpg,85,1
data\non_elderly\45_0_1_20170111170148435.jpg.chip.jpg,45,0
data\aligned_clean\73_1_0_20170110131519640.jpg.chip.jpg,73,1
data\non_elderly\34_0_0_20170104204354155.jpg.chip.jpg,34,0
data\non_elderly\46_1_1_20170113012227505.jpg.chip.jpg,46,0
data\aligned_clean\60_0_1_20170113152726713.jpg.chip.jpg,60,1
data\non_elderly\36_1_4_20170105001244316.jpg.chip.jpg,36,0
data\non_elderly\45_0_1_20170117204046200.jpg.chip.jpg,45,0
data\non_elderly\39_1_0_20170117190455571.jpg.chip.jpg,39,0
data\non_elderly\20_1_1_20170112191255227.jpg.chip.jpg,20,0
data\non_elderly\21_1_4_20170103230000841.jpg.chip.jpg,21,0
data\non_elderly\22_0_2_20170104021129925.jpg.chip.jpg,22,0
data\non_elderly\55_0_2_20170117181154412.jpg.chip.jpg,55,0
data\aligned_clean\84_0_0_20170111211153326.jpg.chip.jpg,84,1
data\aligned_clean\89_1_0_20170120230445570.jpg.chip.jpg,89,1
data\non_elderly\43_1_1_20170117015530911.jpg.chip.jpg,43,0
data\non_elderly\44_1_3_20170119192838387.jpg.chip.jpg,44,0
data\non_elderly\28_1_1_20170116021913149.jpg.chip.jpg,28,0
data\non_elderly\29_0_0_20170104170512993.jpg.chip.jpg,29,0
data\non_elderly\43_1_0_20170105173022908.jpg.chip.jpg,43,0
data\aligned_clean\82_0_0_20170111210901892.jpg.chip.jpg,82,1
data\non_elderly\45_0_3_20170119165318518.jpg.chip.jpg,45,0
data\aligned_clean\89_1_0_20170110183446677.jpg.chip.jpg,89,1
data\non_elderly\46_0_0_20170104203848115.jpg.chip.jpg,46,0
data\non_elderly\49_1_0_20170105173159405.jpg.chip.jpg,49,0
data\aligned_clean\67_0_1_20170117172054412.jpg.chip.jpg,67,1
data\aligned_clean\85_1_0_20170110183112103.jpg.chip.jpg,85,1
data\non_elderly\58_0_1_20170111210843429.jpg.chip.jpg,58,0
data\aligned_clean\75_0_3_20170112224225939.jpg.chip.jpg,75,1
data\non_elderly\47_0_0_20170116204821089.jpg.chip.jpg,47,0
data\aligned_clean\85_1_0_20170110183746742.jpg.chip.jpg,85,1
data\aligned_clean\90_0_2_20170111223901221.jpg.chip.jpg,90,1
data\aligned_clean\62_0_1_20170113185008129.jpg.chip.jpg,62,1
data\aligned_clean\66_0_1_20170111195703017.jpg.chip.jpg,66,1
data\non_elderly\22_1_0_20170116220646631.jpg.chip.jpg,22,0
data\non_elderly\36_0_0_20170113174401250.jpg.chip.jpg,36,0
data\non_elderly\52_0_0_20170111194922232.jpg.chip.jpg,52,0
data\aligned_clean\80_0_0_20170111211700924.jpg.chip.jpg,80,1
data\aligned_clean\68_1_0_20170110155156093.jpg.chip.jpg,68,1
data\non_elderly\24_1_1_20170113005327119.jpg.chip.jpg,24,0
data\non_elderly\54_0_0_20170116171216593.jpg.chip.jpg,54,0
data\non_elderly\28_1_2_20170116164649902.jpg.chip.jpg,28,0
data\aligned_clean\95_1_2_20170120225327083.jpg.chip.jpg,95,1
data\aligned_clean\65_0_2_20170112223951171.jpg.chip.jpg,65,1
data\non_elderly\50_0_0_20170116183942841.jpg.chip.jpg,50,0
data\aligned_clean\62_1_0_20170110173810498.jpg.chip.jpg,62,1
data\non_elderly\25_1_2_20170116162532991.jpg.chip.jpg,25,0
data\non_elderly\34_0_0_20170117203213479.jpg.chip.jpg,34,0
data\non_elderly\57_0_0_20170120223918152.jpg.chip.jpg,57,0
data\non_elderly\25_0_0_20170116220630282.jpg.chip.jpg,25,0
data\aligned_clean\105_1_1_20170112213303693.jpg.chip.jpg,105,1
data\non_elderly\21_1_0_20170109213908912.jpg.chip.jpg,21,0
data\aligned_clean\71_0_0_20170104213311644.jpg.chip.jpg,71,1
data\non_elderly\26_1_3_20170104232150859.jpg.chip.jpg,26,0
data\aligned_clean\60_1_0_20170110141408280.jpg.chip.jpg,60,1
data\non_elderly\59_0_0_20170111203739692.jpg.chip.jpg,59,0
data\aligned_clean\90_0_2_20170110183643228.jpg.chip.jpg,90,1
data\non_elderly\55_0_3_20170119171322926.jpg.chip.jpg,55,0
data\non_elderly\20_1_0_20170116204003896.jpg.chip.jpg,20,0
data\non_elderly\26_1_2_20170116182638875.jpg.chip.jpg,26,0
data\aligned_clean\62_0_1_20170113184846159.jpg.chip.jpg,62,1
data\non_elderly\31_1_0_20170103182528433.jpg.chip.jpg,31,0
data\non_elderly\59_0_0_20170104212405077.jpg.chip.jpg,59,0
data\non_elderly\24_1_1_20170112234345639.jpg.chip.jpg,24,0
data\aligned_clean\61_0_0_20170113185456409.jpg.chip.jpg,61,1
data\non_elderly\48_0_0_20170113183802559.jpg.chip.jpg,48,0
data\non_elderly\21_1_2_20170103201741359.jpg.chip.jpg,21,0
data\aligned_clean\64_0_2_20170116193425715.jpg.chip.jpg,64,1
data\non_elderly\50_0_3_20170119204500527.jpg.chip.jpg,50,0
data\non_elderly\48_1_0_20170108224903494.jpg.chip.jpg,48,0
data\non_elderly\23_0_0_20170117144439657.jpg.chip.jpg,23,0
data\non_elderly\50_0_0_20170120222751913.jpg.chip.jpg,50,0
data\non_elderly\25_0_0_20170113181534141.jpg.chip.jpg,25,0
data\non_elderly\52_0_0_20170104212848023.jpg.chip.jpg,52,0
data\non_elderly\35_1_4_20170117200719931.jpg.chip.jpg,35,0
data\non_elderly\43_0_3_20170119200911708.jpg.chip.jpg,43,0
data\aligned_clean\85_1_0_20170110183057797.jpg.chip.jpg,85,1
data\non_elderly\47_0_0_20170105173121444.jpg.chip.jpg,47,0
data\non_elderly\30_1_2_20170116191239121.jpg.chip.jpg,30,0
data\non_elderly\51_1_0_20170110153411621.jpg.chip.jpg,51,0
data\non_elderly\27_0_3_20170119194353171.jpg.chip.jpg,27,0
data\aligned_clean\60_1_0_20170110141334072.jpg.chip.jpg,60,1
data\non_elderly\51_0_0_20170104211815983.jpg.chip.jpg,51,0
data\non_elderly\56_1_0_20170110141656511.jpg.chip.jpg,56,0
data\non_elderly\40_1_0_20170117172242457.jpg.chip.jpg,40,0
data\aligned_clean\70_0_0_20170111201153097.jpg.chip.jpg,70,1
data\aligned_clean\75_0_1_20170111211400077.jpg.chip.jpg,75,1
data\non_elderly\22_1_2_20170116162853367.jpg.chip.jpg,22,0
data\aligned_clean\75_0_0_20170112224041371.jpg.chip.jpg,75,1
data\non_elderly\56_1_3_20170119211416888.jpg.chip.jpg,56,0
data\aligned_clean\95_1_0_20170120230322267.jpg.chip.jpg,95,1
data\non_elderly\46_0_0_20170113181514861.jpg.chip.jpg,46,0
data\non_elderly\34_1_0_20170103163530352.jpg.chip.jpg,34,0
data\non_elderly\41_0_1_20170116203626044.jpg.chip.jpg,41,0
data\non_elderly\54_1_0_20170103180708902.jpg.chip.jpg,54,0
data\aligned_clean\83_1_0_20170109221112556.jpg.chip.jpg,83,1
data\non_elderly\39_1_0_20170117171010820.jpg.chip.jpg,39,0
data\non_elderly\47_0_0_20170117160350201.jpg.chip.jpg,47,0
data\aligned_clean\63_1_0_20170110143421537.jpg.chip.jpg,63,1
data\non_elderly\33_0_4_20170103235213148.jpg.chip.jpg,33,0
data\non_elderly\33_0_1_20170113173629148.jpg.chip.jpg,33,0
data\aligned_clean\70_1_0_20170110122851852.jpg.chip.jpg,70,1
data\aligned_clean\90_0_2_20170111210008312.jpg.chip.jpg,90,1
data\non_elderly\28_0_1_20170113151216654.jpg.chip.jpg,28,0
data\non_elderly\20_1_1_20170114031112464.jpg.chip.jpg,20,0
data\non_elderly\39_0_0_20170104202631251.jpg.chip.jpg,39,0
data\aligned_clean\75_0_0_20170111210708463.jpg.chip.jpg,75,1
data\aligned_clean\75_1_0_20170110154312939.jpg.chip.jpg,75,1
data\aligned_clean\63_0_0_20170105180938823.jpg.chip.jpg,63,1
data\non_elderly\29_1_1_20170117123750232.jpg.chip.jpg,29,0
data\aligned_clean\90_0_0_20170111210403969.jpg.chip.jpg,90,1
data\non_elderly\40_0_0_20170117151322627.jpg.chip.jpg,40,0
data\non_elderly\49_1_1_20170110153320156.jpg.chip.jpg,49,0
data\non_elderly\37_0_3_20170109012450792.jpg.chip.jpg,37,0
data\aligned_clean\68_0_0_20170111221712885.jpg.chip.jpg,68,1
data\aligned_clean\61_0_2_20170111203805430.jpg.chip.jpg,61,1
data\aligned_clean\85_1_2_20170110183530796.jpg.chip.jpg,85,1
data\non_elderly\33_1_4_20170117200817413.jpg.chip.jpg,33,0
data\non_elderly\37_0_0_20170105172903283.jpg.chip.jpg,37,0
data\non_elderly\43_0_0_20170117141431936.jpg.chip.jpg,43,0
data\non_elderly\37_0_1_20170117140332549.jpg.chip.jpg,37,0
data\aligned_clean\67_0_1_20170117143308243.jpg.chip.jpg,67,1
data\non_elderly\22_0_2_20170116172148714.jpg.chip.jpg,22,0
data\aligned_clean\88_1_0_20170110183704246.jpg.chip.jpg,88,1
data\aligned_clean\66_1_0_20170110160644001.jpg.chip.jpg,66,1
data\aligned_clean\66_1_0_20170110122200303.jpg.chip.jpg,66,1
data\aligned_clean\90_0_2_20170111210740854.jpg.chip.jpg,90,1
data\non_elderly\56_0_0_20170111204518142.jpg.chip.jpg,56,0
data\non_elderly\50_0_0_20170117154624362.jpg.chip.jpg,50,0
data\aligned_clean\80_0_0_20170111210305500.jpg.chip.jpg,80,1
data\aligned_clean\65_1_0_20170110143236073.jpg.chip.jpg,65,1
data\non_elderly\38_0_2_20170116192316995.jpg.chip.jpg,38,0
data\non_elderly\32_0_1_20170113151013735.jpg.chip.jpg,32,0
data\non_elderly\38_0_2_20170116192326283.jpg.chip.jpg,38,0
data\aligned_clean\86_1_0_20170110180113129.jpg.chip.jpg,86,1
data\non_elderly\44_0_3_20170104204837339.jpg.chip.jpg,44,0
data\non_elderly\38_1_0_20170104002144725.jpg.chip.jpg,38,0
data\non_elderly\36_1_0_20170103181817489.jpg.chip.jpg,36,0
data\non_elderly\41_0_2_20170104211935428.jpg.chip.jpg,41,0
data\aligned_clean\66_0_2_20170111205753656.jpg.chip.jpg,66,1
data\aligned_clean\85_1_0_20170110184001159.jpg.chip.jpg,85,1
data\aligned_clean\67_1_0_20170110153312575.jpg.chip.jpg,67,1
data\non_elderly\31_0_1_20170116191341541.jpg.chip.jpg,31,0
data\non_elderly\38_1_0_20170117160605286.jpg.chip.jpg,38,0
data\aligned_clean\90_0_0_20170111223757607.jpg.chip.jpg,90,1
data\aligned_clean\72_1_2_20170110181718497.jpg.chip.jpg,72,1
data\non_elderly\59_0_1_20170113182157557.jpg.chip.jpg,59,0
data\non_elderly\21_0_3_20170104225749698.jpg.chip.jpg,21,0
data\non_elderly\50_0_0_20170117144652339.jpg.chip.jpg,50,0
data\non_elderly\46_1_0_20170110151342799.jpg.chip.jpg,46,0
data\non_elderly\55_0_0_20170117190804738.jpg.chip.jpg,55,0
data\non_elderly\55_0_0_20170117155725626.jpg.chip.jpg,55,0
data\non_elderly\34_0_4_20170104000728781.jpg.chip.jpg,34,0
data\non_elderly\41_1_0_20170103183002200.jpg.chip.jpg,41,0
data\non_elderly\38_0_1_20170117012906285.jpg.chip.jpg,38,0
data\non_elderly\53_1_1_20170113013025665.jpg.chip.jpg,53,0
data\non_elderly\44_0_0_20170104205257195.jpg.chip.jpg,44,0
data\non_elderly\28_0_3_20170119194935202.jpg.chip.jpg,28,0
data\non_elderly\51_0_3_20170119200305083.jpg.chip.jpg,51,0
data\aligned_clean\86_0_2_20170111210346308.jpg.chip.jpg,86,1
data\non_elderly\43_0_3_20170119202025045.jpg.chip.jpg,43,0
data\aligned_clean\65_1_0_20170110140958665.jpg.chip.jpg,65,1
data\non_elderly\36_0_0_20170105163342059.jpg.chip.jpg,36,0
data\non_elderly\26_0_3_20170119183721996.jpg.chip.jpg,26,0
data\non_elderly\53_0_1_20170117181950281.jpg.chip.jpg,53,0
data\non_elderly\50_0_0_20170117135034485.jpg.chip.jpg,50,0
data\aligned_clean\72_0_1_20170113185128016.jpg.chip.jpg,72,1
data\aligned_clean\76_1_0_20170110182941342.jpg.chip.jpg,76,1
data\non_elderly\51_1_0_20170109142258293.jpg.chip.jpg,51,0
data\aligned_clean\80_1_0_20170110153307958.jpg.chip.jpg,80,1
data\aligned_clean\78_0_0_20170120230506347.jpg.chip.jpg,78,1
data\non_elderly\42_1_0_20170120221629278.jpg.chip.jpg,42,0
data\non_elderly\53_1_0_20170110143325963.jpg.chip.jpg,53,0
data\non_elderly\24_1_0_20170109132509565.jpg.chip.jpg,24,0
data\aligned_clean\78_0_0_20170111221840478.jpg.chip.jpg,78,1
data\non_elderly\47_0_2_20170116184928912.jpg.chip.jpg,47,0
data\non_elderly\47_0_1_20170113184219303.jpg.chip.jpg,47,0
data\non_elderly\49_1_0_20170117160608302.jpg.chip.jpg,49,0
data\aligned_clean\75_1_0_20170110183152937.jpg.chip.jpg,75,1
data\non_elderly\53_0_0_20170111195950035.jpg.chip.jpg,53,0
data\aligned_clean\85_1_0_20170120230116817.jpg.chip.jpg,85,1
data\aligned_clean\62_1_0_20170110131856737.jpg.chip.jpg,62,1
data\aligned_clean\76_1_2_20170110180413588.jpg.chip.jpg,76,1
data\aligned_clean\89_1_0_20170110183554182.jpg.chip.jpg,89,1
data\non_elderly\40_1_1_20170113001728994.jpg.chip.jpg,40,0
data\non_elderly\39_0_0_20170104204642477.jpg.chip.jpg,39,0
data\non_elderly\55_0_0_20170117143101440.jpg.chip.jpg,55,0
data\aligned_clean\75_0_0_20170111205232856.jpg.chip.jpg,75,1
data\aligned_clean\60_0_0_20170111205244694.jpg.chip.jpg,60,1
data\non_elderly\33_1_1_20170113012052359.jpg.chip.jpg,33,0
data\aligned_clean\66_1_0_20170110175837753.jpg.chip.jpg,66,1
data\non_elderly\40_0_2_20170116183802085.jpg.chip.jpg,40,0
data\non_elderly\49_1_0_20170109013132704.jpg.chip.jpg,49,0
data\aligned_clean\66_1_0_20170110131902685.jpg.chip.jpg,66,1
data\non_elderly\38_0_1_20170113141744284.jpg.chip.jpg,38,0
data\non_elderly\59_1_0_20170110123116580.jpg.chip.jpg,59,0
data\non_elderly\55_1_0_20170110160643360.jpg.chip.jpg,55,0
data\non_elderly\28_0_3_20170119194808322.jpg.chip.jpg,28,0
data\aligned_clean\72_1_3_20170109151014965.jpg.chip.jpg,72,1
data\non_elderly\55_0_0_20170104201309249.jpg.chip.jpg,55,0
data\non_elderly\54_1_0_20170110122231385.jpg.chip.jpg,54,0
data\non_elderly\48_0_1_20170111203549741.jpg.chip.jpg,48,0
data\non_elderly\42_0_1_20170117171459684.jpg.chip.jpg,42,0
data\non_elderly\53_0_3_20170119205834160.jpg.chip.jpg,53,0
data\non_elderly\45_1_4_20170117145210923.jpg.chip.jpg,45,0
data\non_elderly\40_1_3_20170119145610534.jpg.chip.jpg,40,0
data\aligned_clean\62_0_1_20170117183848283.jpg.chip.jpg,62,1
data\non_elderly\55_1_0_20170110160643438.jpg.chip.jpg,55,0
data\aligned_clean\75_0_0_20170111210855670.jpg.chip.jpg,75,1
data\non_elderly\54_0_0_20170117171049691.jpg.chip.jpg,54,0
data\aligned_clean\82_0_0_20170111222357343.jpg.chip.jpg,82,1
data\aligned_clean\67_0_0_20170120225206184.jpg.chip.jpg,67,1
data\non_elderly\44_0_4_20170117204035832.jpg.chip.jpg,44,0
data\non_elderly\57_1_0_20170110120935648.jpg.chip.jpg,57,0
data\aligned_clean\78_0_0_20170111223343146.jpg.chip.jpg,78,1
data\non_elderly\28_1_3_20170109142213006.jpg.chip.jpg,28,0
data\aligned_clean\85_0_2_20170112224655914.jpg.chip.jpg,85,1
data\aligned_clean\93_1_0_20170120225257592.jpg.chip.jpg,93,1
data\aligned_clean\60_0_3_20170119205949319.jpg.chip.jpg,60,1
data\non_elderly\23_0_0_20170117144406947.jpg.chip.jpg,23,0
data\non_elderly\29_0_2_20170116163447230.jpg.chip.jpg,29,0
data\non_elderly\22_1_2_20170116172707989.jpg.chip.jpg,22,0
data\aligned_clean\101_0_0_20170112213500903.jpg.chip.jpg,101,1
data\aligned_clean\60_1_0_20170110141405608.jpg.chip.jpg,60,1
data\non_elderly\41_1_1_20170117171024861.jpg.chip.jpg,41,0
data\aligned_clean\77_0_1_20170117173757948.jpg.chip.jpg,77,1
data\non_elderly\22_0_2_20170116161434440.jpg.chip.jpg,22,0
data\non_elderly\35_1_4_20170117201436958.jpg.chip.jpg,35,0
data\aligned_clean\66_1_0_20170110140921650.jpg.chip.jpg,66,1
data\aligned_clean\80_1_0_20170110140819226.jpg.chip.jpg,80,1
data\non_elderly\45_0_0_20170117183147982.jpg.chip.jpg,45,0
data\non_elderly\42_1_1_20170113005434508.jpg.chip.jpg,42,0
data\non_elderly\41_0_2_20170105164126307.jpg.chip.jpg,41,0
data\non_elderly\57_1_0_20170110122411678.jpg.chip.jpg,57,0
data\aligned_clean\60_1_0_20170110140849306.jpg.chip.jpg,60,1
data\non_elderly\21_0_4_20161223214829361.jpg.chip.jpg,21,0
data\non_elderly\31_1_3_20170104234514954.jpg.chip.jpg,31,0
data\aligned_clean\70_0_3_20161220221943042.jpg.chip.jpg,70,1
data\non_elderly\55_0_0_20170117185717337.jpg.chip.jpg,55,0
data\aligned_clean\60_1_0_20170110122932443.jpg.chip.jpg,60,1
data\non_elderly\39_0_0_20170109002838942.jpg.chip.jpg,39,0
data\non_elderly\53_0_0_20170111202247097.jpg.chip.jpg,53,0
data\aligned_clean\90_1_1_20170117195305990.jpg.chip.jpg,90,1
data\aligned_clean\85_1_0_20170110181956588.jpg.chip.jpg,85,1
data\non_elderly\25_0_3_20170117151555901.jpg.chip.jpg,25,0
data\non_elderly\27_0_2_20170112193056503.jpg.chip.jpg,27,0
data\non_elderly\24_1_0_20170103225156008.jpg.chip.jpg,24,0
data\non_elderly\33_1_0_20170105161501346.jpg.chip.jpg,33,0
data\aligned_clean\65_0_0_20170111204905982.jpg.chip.jpg,65,1
data\aligned_clean\71_1_0_20170110160644048.jpg.chip.jpg,71,1
data\aligned_clean\70_1_0_20170120223616646.jpg.chip.jpg,70,1
data\non_elderly\44_0_4_20170104001913293.jpg.chip.jpg,44,0
data\non_elderly\32_1_0_20170120220848324.jpg.chip.jpg,32,0
data\non_elderly\23_1_4_20170103233619053.jpg.chip.jpg,23,0
data\non_elderly\35_1_1_20170117190321049.jpg.chip.jpg,35,0
data\non_elderly\44_1_1_20170113001952364.jpg.chip.jpg,44,0
data\aligned_clean\65_0_1_20170111181750510.jpg.chip.jpg,65,1
data\aligned_clean\61_1_1_20170117173441980.jpg.chip.jpg,61,1
data\aligned_clean\79_0_0_20170111222200062.jpg.chip.jpg,79,1
data\aligned_clean\66_1_0_20170110160643970.jpg.chip.jpg,66,1
data\aligned_clean\85_1_0_20170111205811953.jpg.chip.jpg,85,1
data\non_elderly\33_0_0_20170109001152301.jpg.chip.jpg,33,0
data\aligned_clean\72_1_0_20170110180409214.jpg.chip.jpg,72,1
data\non_elderly\35_0_0_20170105163316787.jpg.chip.jpg,35,0
data\non_elderly\29_0_3_20170119195158259.jpg.chip.jpg,29,0
data\non_elderly\30_1_1_20170112235107208.jpg.chip.jpg,30,0
data\non_elderly\59_0_0_20170109010613005.jpg.chip.jpg,59,0
data\non_elderly\34_0_0_20170117104600843.jpg.chip.jpg,34,0
data\aligned_clean\68_0_1_20170117170414776.jpg.chip.jpg,68,1
data\aligned_clean\82_0_2_20170112224626730.jpg.chip.jpg,82,1
data\aligned_clean\82_0_0_20170111222354407.jpg.chip.jpg,82,1
data\aligned_clean\61_0_1_20170117194609172.jpg.chip.jpg,61,1
data\non_elderly\41_0_3_20170119204231207.jpg.chip.jpg,41,0
data\aligned_clean\61_0_0_20170111222237144.jpg.chip.jpg,61,1
data\non_elderly\57_0_3_20170119201739436.jpg.chip.jpg,57,0
data\non_elderly\24_0_0_20170117145910325.jpg.chip.jpg,24,0
data\non_elderly\37_0_1_20170117164236409.jpg.chip.jpg,37,0
data\non_elderly\25_0_0_20170116200929068.jpg.chip.jpg,25,0
data\non_elderly\30_1_3_20170117181328835.jpg.chip.jpg,30,0
data\aligned_clean\75_0_0_20170111205052872.jpg.chip.jpg,75,1
data\non_elderly\31_0_1_20170116160725854.jpg.chip.jpg,31,0
data\non_elderly\47_0_0_20170119175343739.jpg.chip.jpg,47,0
data\non_elderly\35_1_1_20170112215312112.jpg.chip.jpg,35,0
data\non_elderly\31_1_2_20170104020811717.jpg.chip.jpg,31,0
data\non_elderly\54_0_0_20170117171400372.jpg.chip.jpg,54,0
data\non_elderly\50_0_2_20170119205049471.jpg.chip.jpg,50,0
data\aligned_clean\62_1_0_20170110140759145.jpg.chip.jpg,62,1
data\aligned_clean\110_1_0_20170120134701015.jpg.chip.jpg,110,1
data\aligned_clean\60_1_0_20170110141239841.jpg.chip.jpg,60,1
data\non_elderly\51_1_3_20170109142417013.jpg.chip.jpg,51,0
data\aligned_clean\60_1_0_20170110160643704.jpg.chip.jpg,60,1
data\non_elderly\27_1_2_20170116163118798.jpg.chip.jpg,27,0
data\aligned_clean\73_1_0_20170110160644079.jpg.chip.jpg,73,1
data\aligned_clean\73_0_3_20170119212043986.jpg.chip.jpg,73,1
data\non_elderly\20_0_0_20170104230054071.jpg.chip.jpg,20,0
data\non_elderly\50_0_0_20170117172254068.jpg.chip.jpg,50,0
data\aligned_clean\66_1_0_20170110132508785.jpg.chip.jpg,66,1
data\non_elderly\42_0_0_20170117154803642.jpg.chip.jpg,42,0
data\aligned_clean\61_1_0_20170110173800240.jpg.chip.jpg,61,1
data\non_elderly\49_0_3_20170117130537950.jpg.chip.jpg,49,0
data\non_elderly\29_0_2_20170104192909672.jpg.chip.jpg,29,0
data\non_elderly\32_1_1_20170117134811472.jpg.chip.jpg,32,0
data\non_elderly\21_0_4_20161223214826657.jpg.chip.jpg,21,0
data\non_elderly\31_0_0_20170117172435086.jpg.chip.jpg,31,0
data\non_elderly\53_1_2_20170105174705949.jpg.chip.jpg,53,0
data\non_elderly\30_1_1_20170112213021902.jpg.chip.jpg,30,0
data\aligned_clean\90_0_0_20170111211402785.jpg.chip.jpg,90,1
data\non_elderly\48_0_0_20170117140647918.jpg.chip.jpg,48,0
data\non_elderly\57_0_0_20170104183717886.jpg.chip.jpg,57,0
data\non_elderly\26_1_3_20170117153618803.jpg.chip.jpg,26,0
data\aligned_clean\85_0_0_20170110181953748.jpg.chip.jpg,85,1
data\non_elderly\29_1_1_20170113005659333.jpg.chip.jpg,29,0
data\non_elderly\36_0_1_20170113182511607.jpg.chip.jpg,36,0
data\non_elderly\44_1_3_20170119192758593.jpg.chip.jpg,44,0
data\non_elderly\56_1_1_20170112210514093.jpg.chip.jpg,56,0
data\aligned_clean\60_1_0_20170110154144201.jpg.chip.jpg,60,1
data\non_elderly\58_1_1_20170112224110700.jpg.chip.jpg,58,0
data\non_elderly\45_0_3_20170119171404704.jpg.chip.jpg,45,0
data\non_elderly\43_1_0_20170103183515393.jpg.chip.jpg,43,0
data\non_elderly\38_0_0_20170117153718428.jpg.chip.jpg,38,0
data\aligned_clean\76_0_0_20170111210148707.jpg.chip.jpg,76,1
data\non_elderly\42_0_2_20170109012231207.jpg.chip.jpg,42,0
data\non_elderly\37_0_1_20170116193744974.jpg.chip.jpg,37,0
data\aligned_clean\68_0_1_20170111194909799.jpg.chip.jpg,68,1
data\non_elderly\22_0_2_20170104021111388.jpg.chip.jpg,22,0
data\aligned_clean\69_0_0_20170111203934092.jpg.chip.jpg,69,1
data\aligned_clean\64_1_0_20170110131514547.jpg.chip.jpg,64,1
data\non_elderly\41_0_3_20170119211820393.jpg.chip.jpg,41,0
data\non_elderly\54_0_3_20170119211310928.jpg.chip.jpg,54,0
data\non_elderly\23_1_2_20170116173150921.jpg.chip.jpg,23,0
data\non_elderly\24_1_3_20161220222118601.jpg.chip.jpg,24,0
data\non_elderly\56_0_2_20170112215424904.jpg.chip.jpg,56,0
data\aligned_clean\83_1_0_20170110181333958.jpg.chip.jpg,83,1
data\aligned_clean\85_1_2_20170110182342530.jpg.chip.jpg,85,1
data\aligned_clean\100_0_0_20170112213500903.jpg.chip.jpg,100,1
data\non_elderly\46_1_2_20170109011159798.jpg.chip.jpg,46,0
data\aligned_clean\65_0_3_20170112222321514.jpg.chip.jpg,65,1
data\aligned_clean\67_1_0_20170120224818072.jpg.chip.jpg,67,1
data\aligned_clean\85_1_0_20170110173744770.jpg.chip.jpg,85,1
data\non_elderly\38_0_0_20170117120142691.jpg.chip.jpg,38,0
data\aligned_clean\60_1_0_20170110135918382.jpg.chip.jpg,60,1
data\aligned_clean\75_0_1_20170111205805911.jpg.chip.jpg,75,1
data\non_elderly\58_0_1_20170117182453919.jpg.chip.jpg,58,0
data\non_elderly\21_0_1_20170114032109958.jpg.chip.jpg,21,0
data\aligned_clean\63_0_0_20170111193827549.jpg.chip.jpg,63,1
data\non_elderly\45_0_0_20170111181750431.jpg.chip.jpg,45,0
data\non_elderly\48_0_0_20170117131143074.jpg.chip.jpg,48,0
data\aligned_clean\60_1_1_20170110120140583.jpg.chip.jpg,60,1
data\aligned_clean\85_1_2_20170110183501116.jpg.chip.jpg,85,1
data\non_elderly\21_1_1_20170117193838829.jpg.chip.jpg,21,0
data\aligned_clean\80_0_0_20170111224036667.jpg.chip.jpg,80,1
data\non_elderly\34_0_3_20170119171236256.jpg.chip.jpg,34,0
data\aligned_clean\92_1_2_20170110182855209.jpg.chip.jpg,92,1
data\non_elderly\47_1_1_20170113001956524.jpg.chip.jpg,47,0
data\aligned_clean\84_1_4_20170105001517613.jpg.chip.jpg,84,1
data\aligned_clean\68_0_1_20170111195820243.jpg.chip.jpg,68,1
data\non_elderly\44_0_3_20170119165437319.jpg.chip.jpg,44,0
data\non_elderly\32_0_0_20170114034605240.jpg.chip.jpg,32,0
data\non_elderly\51_0_3_20170104212203317.jpg.chip.jpg,51,0
data\aligned_clean\60_1_0_20170110140900329.jpg.chip.jpg,60,1
data\non_elderly\27_0_0_20170116205311022.jpg.chip.jpg,27,0
data\non_elderly\48_0_3_20170119201847821.jpg.chip.jpg,48,0
data\non_elderly\28_0_1_20170113134056728.jpg.chip.jpg,28,0
data\aligned_clean\90_0_0_20170111222149759.jpg.chip.jpg,90,1
data\non_elderly\51_0_1_20170113173639578.jpg.chip.jpg,51,0
data\non_elderly\49_0_0_20170117190513467.jpg.chip.jpg,49,0
data\aligned_clean\80_1_0_20170110154249092.jpg.chip.jpg,80,1
data\non_elderly\54_0_1_20170117173717615.jpg.chip.jpg,54,0
data\non_elderly\28_0_0_20170116174356539.jpg.chip.jpg,28,0
data\aligned_clean\85_0_0_20170110183613267.jpg.chip.jpg,85,1
data\non_elderly\34_0_3_20170119152422977.jpg.chip.jpg,34,0
data\non_elderly\20_1_3_20170104222031311.jpg.chip.jpg,20,0
data\non_elderly\50_0_1_20170117184611832.jpg.chip.jpg,50,0
data\non_elderly\32_1_1_20170120220526706.jpg.chip.jpg,32,0
data\aligned_clean\110_0_0_20170112213500903.jpg.chip.jpg,110,1
data\non_elderly\34_1_1_20170116020412962.jpg.chip.jpg,34,0
data\aligned_clean\85_1_0_20170110182428223.jpg.chip.jpg,85,1
data\aligned_clean\70_1_0_20170110141123329.jpg.chip.jpg,70,1
data\non_elderly\41_0_3_20170119171541497.jpg.chip.jpg,41,0
data\non_elderly\40_0_2_20170117154534091.jpg.chip.jpg,40,0
data\non_elderly\22_1_1_20170116162315750.jpg.chip.jpg,22,0
data\non_elderly\36_0_0_20170117183301527.jpg.chip.jpg,36,0
data\non_elderly\23_0_1_20170113133855489.jpg.chip.jpg,23,0
data\non_elderly\56_1_3_20170109142113189.jpg.chip.jpg,56,0
data\non_elderly\21_1_2_20161219221949111.jpg.chip.jpg,21,0
data\aligned_clean\83_0_0_20170111223725228.jpg.chip.jpg,83,1
data\aligned_clean\65_0_1_20170113174052843.jpg.chip.jpg,65,1
data\aligned_clean\85_1_0_20170110183131183.jpg.chip.jpg,85,1
data\non_elderly\27_1_3_20170104223000127.jpg.chip.jpg,27,0
data\aligned_clean\90_0_0_20170111224014347.jpg.chip.jpg,90,1
data\aligned_clean\85_1_2_20170110183021416.jpg.chip.jpg,85,1
data\non_elderly\48_0_0_20170111201841425.jpg.chip.jpg,48,0
data\aligned_clean\89_0_3_20170105180305886.jpg.chip.jpg,89,1
data\aligned_clean\65_0_0_20170111203752191.jpg.chip.jpg,65,1
data\aligned_clean\86_0_3_20170111223908826.jpg.chip.jpg,86,1
data\non_elderly\39_1_0_20170104205026100.jpg.chip.jpg,39,0
data\non_elderly\54_0_0_20170117190339460.jpg.chip.jpg,54,0
data\aligned_clean\70_1_0_20170120223657854.jpg.chip.jpg,70,1
data\aligned_clean\80_0_0_20170111222138149.jpg.chip.jpg,80,1
data\non_elderly\52_0_3_20170104202143258.jpg.chip.jpg,52,0
data\non_elderly\47_0_3_20170119202123349.jpg.chip.jpg,47,0
data\non_elderly\54_0_3_20170119210122240.jpg.chip.jpg,54,0
data\non_elderly\22_1_3_20170104223113527.jpg.chip.jpg,22,0
data\non_elderly\39_0_0_20170117143412554.jpg.chip.jpg,39,0
data\non_elderly\48_0_0_20170117133115061.jpg.chip.jpg,48,0
data\non_elderly\56_1_0_20170110141434080.jpg.chip.jpg,56,0
data\non_elderly\22_0_0_20170104230045815.jpg.chip.jpg,22,0
data\non_elderly\30_1_2_20170116174427095.jpg.chip.jpg,30,0
data\aligned_clean\65_0_0_20170111211445229.jpg.chip.jpg,65,1
data\non_elderly\27_1_2_20170116165958195.jpg.chip.jpg,27,0
data\aligned_clean\65_0_0_20170111210257547.jpg.chip.jpg,65,1
data\non_elderly\58_0_0_20170113210319952.jpg.chip.jpg,58,0
data\non_elderly\49_0_1_20170113135511444.jpg.chip.jpg,49,0
data\aligned_clean\70_1_0_20170110180429816.jpg.chip.jpg,70,1
data\aligned_clean\69_1_0_20170110175803672.jpg.chip.jpg,69,1
data\non_elderly\58_0_0_20170120224601232.jpg.chip.jpg,58,0
data\aligned_clean\90_1_0_20170110183401767.jpg.chip.jpg,90,1
data\aligned_clean\85_1_0_20170110180531278.jpg.chip.jpg,85,1
data\non_elderly\39_1_0_20170104171537233.jpg.chip.jpg,39,0
data\non_elderly\46_0_1_20170113152154248.jpg.chip.jpg,46,0
data\non_elderly\36_1_0_20170103182902892.jpg.chip.jpg,36,0
data\non_elderly\59_0_0_20170104212234005.jpg.chip.jpg,59,0
data\non_elderly\29_0_3_20170119195313651.jpg.chip.jpg,29,0
data\aligned_clean\70_0_0_20170120225631818.jpg.chip.jpg,70,1
data\non_elderly\31_1_1_20170116234711144.jpg.chip.jpg,31,0
data\non_elderly\25_0_1_20170113133830608.jpg.chip.jpg,25,0
data\non_elderly\42_1_1_20170113001932011.jpg.chip.jpg,42,0
data\non_elderly\34_0_1_20170117140814015.jpg.chip.jpg,34,0
data\non_elderly\43_0_1_20170104185752431.jpg.chip.jpg,43,0
data\non_elderly\59_1_0_20170110131916835.jpg.chip.jpg,59,0
data\non_elderly\52_0_0_20170104184400815.jpg.chip.jpg,52,0
data\non_elderly\53_0_0_20170113190631147.jpg.chip.jpg,53,0
data\non_elderly\20_1_2_20170116165621526.jpg.chip.jpg,20,0
data\aligned_clean\85_1_2_20170110181640900.jpg.chip.jpg,85,1
data\aligned_clean\82_0_2_20170111210508477.jpg.chip.jpg,82,1
data\non_elderly\32_0_0_20170117173304428.jpg.chip.jpg,32,0
data\aligned_clean\65_0_0_20170120224023991.jpg.chip.jpg,65,1
data\aligned_clean\79_1_0_20170110141543912.jpg.chip.jpg,79,1
data\aligned_clean\60_1_0_20170110152933482.jpg.chip.jpg,60,1
data\non_elderly\23_1_0_20170103163102400.jpg.chip.jpg,23,0
data\non_elderly\39_0_1_20170113190332490.jpg.chip.jpg,39,0
data\aligned_clean\67_0_3_20170116193543456.jpg.chip.jpg,67,1
data\non_elderly\57_0_0_20170105173458901.jpg.chip.jpg,57,0
data\non_elderly\44_0_3_20170119195247387.jpg.chip.jpg,44,0
data\non_elderly\22_1_2_20170116172719532.jpg.chip.jpg,22,0
data\non_elderly\47_0_0_20170104202550449.jpg.chip.jpg,47,0
data\aligned_clean\90_1_0_20170110180120743.jpg.chip.jpg,90,1
data\aligned_clean\72_1_0_20170110180453423.jpg.chip.jpg,72,1
data\aligned_clean\67_1_0_20170110180054361.jpg.chip.jpg,67,1
data\aligned_clean\70_0_1_20170113175514412.jpg.chip.jpg,70,1
data\non_elderly\36_0_1_20170113175738212.jpg.chip.jpg,36,0
data\aligned_clean\64_1_0_20170110141132057.jpg.chip.jpg,64,1
data\aligned_clean\86_0_0_20170111210513628.jpg.chip.jpg,86,1
data\non_elderly\37_1_3_20170104235312145.jpg.chip.jpg,37,0
data\non_elderly\29_0_3_20170117180817266.jpg.chip.jpg,29,0
data\non_elderly\25_0_0_20170117193011274.jpg.chip.jpg,25,0
data\non_elderly\56_0_0_20170111194856535.jpg.chip.jpg,56,0
data\non_elderly\49_0_1_20170117180355439.jpg.chip.jpg,49,0
data\non_elderly\41_0_1_20170117173648607.jpg.chip.jpg,41,0
data\non_elderly\33_0_2_20170109002851300.jpg.chip.jpg,33,0
data\aligned_clean\88_1_0_20170105174941006.jpg.chip.jpg,88,1
data\aligned_clean\71_1_0_20170110181725541.jpg.chip.jpg,71,1
data\aligned_clean\80_1_0_20170110154556609.jpg.chip.jpg,80,1
data\aligned_clean\75_0_0_20170111201904798.jpg.chip.jpg,75,1
data\non_elderly\37_0_3_20170119193244666.jpg.chip.jpg,37,0
data\aligned_clean\60_1_0_20170110143449132.jpg.chip.jpg,60,1
data\aligned_clean\65_1_0_20170110154550300.jpg.chip.jpg,65,1
data\aligned_clean\90_0_0_20170111211332406.jpg.chip.jpg,90,1
data\aligned_clean\65_1_0_20170110160643923.jpg.chip.jpg,65,1
data\non_elderly\57_0_0_20170116214453175.jpg.chip.jpg,57,0
data\non_elderly\42_0_3_20170119204237560.jpg.chip.jpg,42,0
data\non_elderly\41_1_0_20170117135713137.jpg.chip.jpg,41,0
data\aligned_clean\62_0_3_20170111204125673.jpg.chip.jpg,62,1
data\non_elderly\25_1_0_20170117140903569.jpg.chip.jpg,25,0
data\aligned_clean\75_0_2_20170112220429241.jpg.chip.jpg,75,1
data\non_elderly\39_0_3_20170119194607251.jpg.chip.jpg,39,0
data\aligned_clean\60_0_0_20170111171747553.jpg.chip.jpg,60,1
data\non_elderly\40_0_1_20170117170126359.jpg.chip.jpg,40,0
data\non_elderly\48_0_0_20170117164541702.jpg.chip.jpg,48,0
data\non_elderly\21_0_0_20170114032114256.jpg.chip.jpg,21,0
data\non_elderly\59_0_1_20170111171747518.jpg.chip.jpg,59,0
data\non_elderly\47_0_0_20170117195457344.jpg.chip.jpg,47,0
data\aligned_clean\65_0_0_20170111201922080.jpg.chip.jpg,65,1
data\aligned_clean\65_1_1_20170112220241647.jpg.chip.jpg,65,1
data\aligned_clean\99_0_0_20170117195137161.jpg.chip.jpg,99,1
data\aligned_clean\65_0_0_20170111204015410.jpg.chip.jpg,65,1
data\non_elderly\46_0_0_20170119150223726.jpg.chip.jpg,46,0
data\non_elderly\56_1_0_20170110153845590.jpg.chip.jpg,56,0
data\aligned_clean\72_1_0_20170110183029618.jpg.chip.jpg,72,1
data\non_elderly\42_0_2_20170112215341080.jpg.chip.jpg,42,0
data\non_elderly\38_0_3_20170116223006279.jpg.chip.jpg,38,0
data\non_elderly\20_1_3_20170104222022391.jpg.chip.jpg,20,0
data\non_elderly\49_1_0_20170117160607343.jpg.chip.jpg,49,0
data\aligned_clean\85_1_0_20170110183616456.jpg.chip.jpg,85,1
data\non_elderly\59_0_0_20170111195403793.jpg.chip.jpg,59,0
data\non_elderly\24_0_3_20170117144123778.jpg.chip.jpg,24,0
data\non_elderly\43_0_0_20170108224844372.jpg.chip.jpg,43,0
data\non_elderly\34_0_0_20170109002826967.jpg.chip.jpg,34,0
data\aligned_clean\90_0_0_20170117175429276.jpg.chip.jpg,90,1
data\aligned_clean\85_1_0_20170110184027031.jpg.chip.jpg,85,1
data\non_elderly\43_0_0_20170117155102419.jpg.chip.jpg,43,0
data\aligned_clean\90_0_0_20170120222443834.jpg.chip.jpg,90,1
data\non_elderly\35_0_0_20170117001240657.jpg.chip.jpg,35,0
data\aligned_clean\76_1_0_20170110131747399.jpg.chip.jpg,76,1
data\non_elderly\57_0_0_20170111171747492.jpg.chip.jpg,57,0
data\non_elderly\26_1_3_20170119193113828.jpg.chip.jpg,26,0
data\non_elderly\48_0_0_20170117183518783.jpg.chip.jpg,48,0
data\non_elderly\52_0_3_20170119205641007.jpg.chip.jpg,52,0
data\aligned_clean\73_0_0_20170111221837125.jpg.chip.jpg,73,1
data\aligned_clean\72_1_0_20170110173128700.jpg.chip.jpg,72,1
data\non_elderly\42_1_2_20170116162349143.jpg.chip.jpg,42,0
data\non_elderly\48_0_1_20170113142055436.jpg.chip.jpg,48,0
data\non_elderly\25_1_3_20170104231501635.jpg.chip.jpg,25,0
data\aligned_clean\80_1_0_20170110154540002.jpg.chip.jpg,80,1
data\aligned_clean\82_1_2_20170110183005747.jpg.chip.jpg,82,1
data\non_elderly\59_1_0_20170110141807087.jpg.chip.jpg,59,0
data\non_elderly\51_1_3_20170109142147935.jpg.chip.jpg,51,0
data\aligned_clean\65_0_1_20170113184830231.jpg.chip.jpg,65,1
data\non_elderly\31_1_1_20170116023825964.jpg.chip.jpg,31,0
data\aligned_clean\75_0_0_20170111201111541.jpg.chip.jpg,75,1
data\non_elderly\50_0_3_20170119205521664.jpg.chip.jpg,50,0
data\aligned_clean\70_0_0_20170111200707164.jpg.chip.jpg,70,1
data\non_elderly\26_0_3_20170119183851623.jpg.chip.jpg,26,0
data\non_elderly\35_1_1_20170113011402287.jpg.chip.jpg,35,0
data\non_elderly\57_0_2_20170105173521150.jpg.chip.jpg,57,0
data\aligned_clean\60_0_0_20170117172847880.jpg.chip.jpg,60,1
data\non_elderly\20_1_2_20170104015622356.jpg.chip.jpg,20,0
data\aligned_clean\79_0_0_20170111222432817.jpg.chip.jpg,79,1
data\non_elderly\26_0_4_20170117152521052.jpg.chip.jpg,26,0
data\non_elderly\34_0_1_20170117141457492.jpg.chip.jpg,34,0
data\aligned_clean\72_0_2_20170112205400276.jpg.chip.jpg,72,1
data\non_elderly\23_0_3_20170119164041958.jpg.chip.jpg,23,0
data\non_elderly\23_1_2_20170116173049386.jpg.chip.jpg,23,0
data\non_elderly\55_0_0_20170120223727206.jpg.chip.jpg,55,0
data\non_elderly\30_0_0_20170117144411849.jpg.chip.jpg,30,0
data\non_elderly\28_0_1_20170113185214520.jpg.chip.jpg,28,0
data\non_elderly\58_0_1_20170117193003224.jpg.chip.jpg,58,0
data\non_elderly\55_0_0_20170117190748017.jpg.chip.jpg,55,0
data\aligned_clean\64_1_0_20170110132112143.jpg.chip.jpg,64,1
data\aligned_clean\82_0_2_20170111210110290.jpg.chip.jpg,82,1
data\non_elderly\49_0_0_20170104212309140.jpg.chip.jpg,49,0
data\aligned_clean\60_0_0_20170111204805716.jpg.chip.jpg,60,1
data\non_elderly\39_0_3_20170119160257563.jpg.chip.jpg,39,0
data\aligned_clean\75_0_1_20170117183723984.jpg.chip.jpg,75,1
data\aligned_clean\68_1_0_20170110141522160.jpg.chip.jpg,68,1
data\aligned_clean\62_0_1_20170111203832046.jpg.chip.jpg,62,1
data\aligned_clean\90_1_2_20170111221639268.jpg.chip.jpg,90,1
data\aligned_clean\60_0_0_20170111201520536.jpg.chip.jpg,60,1
data\aligned_clean\90_0_0_20170111205428761.jpg.chip.jpg,90,1
data\non_elderly\55_0_3_20170119204549750.jpg.chip.jpg,55,0
data\non_elderly\53_1_0_20170109221042561.jpg.chip.jpg,53,0
data\non_elderly\23_1_2_20170116173039449.jpg.chip.jpg,23,0
data\aligned_clean\62_0_0_20170111205342810.jpg.chip.jpg,62,1
data\aligned_clean\62_0_0_20170111200703518.jpg.chip.jpg,62,1
data\non_elderly\41_0_1_20170117164137053.jpg.chip.jpg,41,0
data\non_elderly\33_1_1_20170116233604958.jpg.chip.jpg,33,0
data\aligned_clean\61_0_3_20170109131758363.jpg.chip.jpg,61,1
data\non_elderly\46_1_1_20170112220304903.jpg.chip.jpg,46,0
data\non_elderly\52_1_0_20170105172742757.jpg.chip.jpg,52,0
data\non_elderly\20_1_1_20170113005339990.jpg.chip.jpg,20,0
data\non_elderly\52_0_0_20170116183903737.jpg.chip.jpg,52,0
data\non_elderly\40_0_4_20170104201550378.jpg.chip.jpg,40,0
data\aligned_clean\66_1_0_20170110140456209.jpg.chip.jpg,66,1
data\aligned_clean\90_1_0_20170110155210772.jpg.chip.jpg,90,1
data\non_elderly\47_0_3_20170119205241615.jpg.chip.jpg,47,0
data\non_elderly\57_0_1_20170111203322229.jpg.chip.jpg,57,0
data\aligned_clean\63_0_2_20170112223914372.jpg.chip.jpg,63,1
data\non_elderly\48_0_3_20170109141132255.jpg.chip.jpg,48,0
data\non_elderly\37_0_0_20170104202623003.jpg.chip.jpg,37,0
data\aligned_clean\100_1_2_20170112213615815.jpg.chip.jpg,100,1
data\aligned_clean\65_0_0_20170111171747635.jpg.chip.jpg,65,1
data\non_elderly\49_0_0_20170104204517779.jpg.chip.jpg,49,0
data\aligned_clean\69_1_0_20170110141854535.jpg.chip.jpg,69,1
data\non_elderly\34_1_2_20170104023010725.jpg.chip.jpg,34,0
data\non_elderly\58_1_0_20170110152944615.jpg.chip.jpg,58,0
data\aligned_clean\88_1_1_20170116233427954.jpg.chip.jpg,88,1
data\aligned_clean\85_1_0_20170110183522560.jpg.chip.jpg,85,1
